#
# A fatal error has been detected by the Java Runtime Environment:
#
#  EXCEPTION_ACCESS_VIOLATION (0xc0000005) at pc=0x00007ffe2378e479, pid=12804, tid=21732
#
# JRE version: Java(TM) SE Runtime Environment (25.0.2+10) (build 25.0.2+10-LTS-69)
# Java VM: Java HotSpot(TM) 64-Bit Server VM (25.0.2+10-LTS-69, mixed mode, sharing, tiered, compressed oops, compressed class ptrs, g1 gc, windows-amd64)
# Problematic frame:
# C  [awt.dll+0xde479]
#
# No core dump will be written. Minidumps are not enabled by default on client versions of Windows
#
# If you would like to submit a bug report, please visit:
#   https://bugreport.java.com/bugreport/crash.jsp
# The crash happened outside the Java Virtual Machine in native code.
# See problematic frame for where to report the bug.
#

---------------  S U M M A R Y ------------

Command Line: -Dfile.encoding=UTF-8 --module-path=C:\Users\paova\Downloads\nuevoproyecto\nuevoproyecto\build\classes view.EmpleadoVista

Host: 12th Gen Intel(R) Core(TM) i7-1255U, 12 cores, 15G,  Windows 11 , 64 bit Build 26100 (10.0.26100.8246)
Time: Tue Apr 28 16:06:52 2026 Hora estándar, América Central elapsed time: 37.297280 seconds (0d 0h 0m 37s)

---------------  T H R E A D  ---------------

Current thread (0x000001efbbbd9e30):  JavaThread "AWT-EventQueue-0"        [_thread_in_native, id=21732, stack(0x000000e68b000000,0x000000e68b100000) (1024K)]

Stack: [0x000000e68b000000,0x000000e68b100000],  sp=0x000000e68b0fef20,  free space=1019k
Native frames: (J=compiled Java code, j=interpreted, Vv=VM code, C=native code)
C  [awt.dll+0xde479]  (no source info available)
C  [awt.dll+0xdd812]  (no source info available)
C  0x000001efab6dd193  (no source info available)

The last pc belongs to native method entry point (kind = native) (printed below).
Java frames: (J=compiled Java code, j=interpreted, Vv=VM code)
j  sun.awt.Win32GraphicsConfig.getBounds(I)Ljava/awt/Rectangle;+0 java.desktop@25.0.2
j  sun.awt.Win32GraphicsConfig.getBounds()Ljava/awt/Rectangle;+8 java.desktop@25.0.2
j  sun.awt.Win32GraphicsDevice.displayChanged()V+23 java.desktop@25.0.2
j  sun.awt.Win32GraphicsEnvironment.displayChanged()V+271 java.desktop@25.0.2
j  sun.awt.windows.WToolkit.lambda$displayChanged$0()V+15 java.desktop@25.0.2
j  sun.awt.windows.WToolkit$$Lambda+0x00000000391a6e68.run()V+0 java.desktop@25.0.2
J 1685 c1 java.awt.event.InvocationEvent.dispatch()V java.desktop@25.0.2 (69 bytes) @ 0x000001efa43cfb94 [0x000001efa43cf980+0x0000000000000214]
J 1438 c1 java.awt.EventQueue.dispatchEventImpl(Ljava/awt/AWTEvent;Ljava/lang/Object;)V java.desktop@25.0.2 (139 bytes) @ 0x000001efa4383184 [0x000001efa4381900+0x0000000000001884]
J 1437 c1 java.awt.EventQueue.dispatchEvent(Ljava/awt/AWTEvent;)V java.desktop@25.0.2 (48 bytes) @ 0x000001efa43815cc [0x000001efa4381380+0x000000000000024c]
J 1439 c1 java.awt.EventDispatchThread.pumpOneEventForFilters(I)V java.desktop@25.0.2 (106 bytes) @ 0x000001efa4384d94 [0x000001efa4384580+0x0000000000000814]
j  java.awt.EventDispatchThread.pumpEventsForFilter(ILjava/awt/Conditional;Ljava/awt/EventFilter;)V+35 java.desktop@25.0.2
j  java.awt.EventDispatchThread.pumpEventsForHierarchy(ILjava/awt/Conditional;Ljava/awt/Component;)V+11 java.desktop@25.0.2
j  java.awt.EventDispatchThread.pumpEvents(ILjava/awt/Conditional;)V+4 java.desktop@25.0.2
j  java.awt.EventDispatchThread.pumpEvents(Ljava/awt/Conditional;)V+3 java.desktop@25.0.2
j  java.awt.EventDispatchThread.run()V+9 java.desktop@25.0.2
v  ~StubRoutines::call_stub 0x000001efab6d12ed

siginfo: EXCEPTION_ACCESS_VIOLATION (0xc0000005), reading address 0x0000000000000028


Registers:
RAX=0x0000000000000000, RBX=0x000001efbb7faaf0, RCX=0x0000000000000000, RDX=0x0000000000000000
RSP=0x000000e68b0fef20, RBP=0x0000000000000000, RSI=0x0000000000000000, RDI=0x0000000000000000
R8 =0x0000000000000001, R9 =0x000000e6896c4000, R10=0x000001efbc547e20, R11=0x0000000000000004
R12=0x0000000000000000, R13=0x000001efbbbbfe30, R14=0x000001efbb8dadc0, R15=0x0000000000000000
RIP=0x00007ffe2378e479, EFLAGS=0x0000000000010246

XMM[0]=0x0000000000000000 0x0000000000000000
XMM[1]=0x0000000000000000 0x000000e68b0feff0
XMM[2]=0x0000000000000000 0x0000000000000000
XMM[3]=0x0000000000000000 0x0000000000000000
XMM[4]=0x0000000000000000 0x0000000000000000
XMM[5]=0x0000000000000000 0x0000000000000000
XMM[6]=0x0000000000000000 0x4082ca0000000000
XMM[7]=0x0000000000000000 0x3f1a36e2eb1c432d
XMM[8]=0x0000000000000000 0x00000000e279cec4
XMM[9]=0x0000000000000000 0x00000000e279ced6
XMM[10]=0x0000000000000000 0x0000000713ce7510
XMM[11]=0x0000000000000000 0x0000000713ce7620
XMM[12]=0x0000000000000000 0x4040404040404040
XMM[13]=0x0000000000000000 0x0000000713ce7620
XMM[14]=0x0000000000000000 0x0000000713ce76b0
XMM[15]=0x0000000000000000 0x0000000713ce76b0
  MXCSR=0x00001fa2


Register to memory mapping:

RAX=0x0 is null
RBX=0x000001efbb7faaf0 points into unknown readable memory: 0x000001efbb3764c0 | c0 64 37 bb ef 01 00 00
RCX=0x0 is null
RDX=0x0 is null
RSP=0x000000e68b0fef20 is pointing into the stack for thread: 0x000001efbbbd9e30
RBP=0x0 is null
RSI=0x0 is null
RDI=0x0 is null
R8 =0x0000000000000001 is an unknown value
R9 =0x000000e6896c4000 points into unknown readable memory: 0x0000000000000000 | 00 00 00 00 00 00 00 00
R10={method} {0x000001efbc547e28} '<init>' '(IIII)V' in 'java/awt/Rectangle'
R11=0x0000000000000004 is an unknown value
R12=0x0 is null
R13=0x000001efbbbbfe30 points into unknown readable memory: 0x000001efbc547e20 | 20 7e 54 bc ef 01 00 00
R14=0x000001efbb8dadc0 points into unknown readable memory: 0x0000000714136e28 | 28 6e 13 14 07 00 00 00
R15=0x0 is null

Top of Stack: (sp=0x000000e68b0fef20)
0x000000e68b0fef20:   00007ffe237ec838 000001efbb7faaf0   8.~#............
0x000000e68b0fef30:   000001efbb8dadc0 000001efbb7faaf0   ................
0x000000e68b0fef40:   000001efbbbda278 00007ffe2378d812   x.........x#....
0x000000e68b0fef50:   000001efbb7faaf0 000001efbb7faaf0   ................
0x000000e68b0fef60:   0000000000000000 0000000000000000   ................
0x000000e68b0fef70:   000001efbbbd9e30 00007ffd8eaf0000   0...............
0x000000e68b0fef80:   000001efbbbd9e30 0000000000000000   0...............
0x000000e68b0fef90:   0000000000000000 0000000000000000   ................
0x000000e68b0fefa0:   00008e066c309691 00000000000000b6   ..0l............
0x000000e68b0fefb0:   000001efbbbd9e30 000000e68b0ff098   0...............
0x000000e68b0fefc0:   000001efbc4fde68 0000000000000000   h.O.............
0x000000e68b0fefd0:   0000000000000001 0000000000000000   ................
0x000000e68b0fefe0:   000000e68b0ff070 000001efab6dd193   p.........m.....
0x000000e68b0feff0:   000000e68b0ff008 000001efbc4fde68   ........h.O.....
0x000000e68b0ff000:   000001efab6d8b18 0000000000000000   ..m.............
0x000000e68b0ff010:   0000000713e38d98 00000007120177b0   .........w......
0x000000e68b0ff020:   00000007120177b0 fffffffffffffff7   .w..............
0x000000e68b0ff030:   0000000000000000 0000000000000005   ................
0x000000e68b0ff040:   000001efbc440670 0000000000000000   p.D.............
0x000000e68b0ff050:   0000000713e3a0a0 000001efbc4fde68   ........h.O.....
0x000000e68b0ff060:   0000000000000000 000000e68b0ff090   ................
0x000000e68b0ff070:   000000e68b0ff0e8 000001efab6d8cb2   ..........m.....
0x000000e68b0ff080:   0000000000000000 000001efab6da75a   ........Z.m.....
0x000000e68b0ff090:   0000000000000000 00000007120177b0   .........w......
0x000000e68b0ff0a0:   fffffffffffffff7 000001efbc4fdf10   ..........O.....
0x000000e68b0ff0b0:   0000000000000002 000001efbc440670   ........p.D.....
0x000000e68b0ff0c0:   0000000000000000 0000000713e3a0a0   ................
0x000000e68b0ff0d0:   000001efbc4fdf28 fffffffffffffff5   (.O.............
0x000000e68b0ff0e0:   000000e68b0ff0f8 000000e68b0ff148   ........H.......
0x000000e68b0ff0f0:   000001efab6d8cb2 00000007120177b0   ..m......w......
0x000000e68b0ff100:   fffffffffffffff7 000001efbc4db45f   ........_.M.....
0x000000e68b0ff110:   0000000000000003 000001efbc4dcbe0   ..........M.....

Instructions: (pc=0x00007ffe2378e479)
  0x00007ffe2378e379:   cc cc cc cc cc cc cc 48 89 5c 24 08 48 89 6c 24
  0x00007ffe2378e389:   10 48 89 74 24 18 57 48 83 ec 20 41 8b f8 0f b6
  0x00007ffe2378e399:   f2 48 8b e9 e8 0e a0 f4 ff 48 8b d8 48 89 44 24
  0x00007ffe2378e3a9:   48 41 b8 01 00 00 00 8b d7 48 8b c8 e8 66 9f f4
  0x00007ffe2378e3b9:   ff 48 8b c8 44 0f b6 c6 48 8b d5 e8 77 fa ff ff
  0x00007ffe2378e3c9:   48 8b f8 48 8b cb e8 9c a1 f4 ff 90 48 8b c7 48
  0x00007ffe2378e3d9:   8b 5c 24 30 48 8b 6c 24 38 48 8b 74 24 40 48 83
  0x00007ffe2378e3e9:   c4 20 5f c3 cc cc cc 48 8b 49 28 e9 17 07 00 00
  0x00007ffe2378e3f9:   cc cc cc cc cc cc cc 48 89 5c 24 08 57 48 83 ec
  0x00007ffe2378e409:   20 8b f9 e8 9f 9f f4 ff 48 8b d8 48 89 44 24 38
  0x00007ffe2378e419:   41 b8 01 00 00 00 8b d7 48 8b c8 e8 f7 9e f4 ff
  0x00007ffe2378e429:   48 8b 08 8b 39 48 8b cb e8 3a a1 f4 ff 90 8b c7
  0x00007ffe2378e439:   48 8b 5c 24 30 48 83 c4 20 5f c3 cc cc cc cc cc
  0x00007ffe2378e449:   cc cc cc cc cc cc cc 48 89 5c 24 08 57 48 83 ec
  0x00007ffe2378e459:   20 8b f9 e8 4f 9f f4 ff 48 8b d8 48 89 44 24 38
  0x00007ffe2378e469:   41 b8 01 00 00 00 8b d7 48 8b c8 e8 a7 9e f4 ff
=>0x00007ffe2378e479:   48 8b 78 28 48 8b cb e8 eb a0 f4 ff 90 48 8b c7
  0x00007ffe2378e489:   48 8b 5c 24 30 48 83 c4 20 5f c3 cc cc cc cc cc
  0x00007ffe2378e499:   cc cc cc cc cc cc cc 48 89 5c 24 08 57 48 83 ec
  0x00007ffe2378e4a9:   20 8b f9 e8 ff 9e f4 ff 48 8b d8 48 89 44 24 38
  0x00007ffe2378e4b9:   41 b8 01 00 00 00 8b d7 48 8b c8 e8 57 9e f4 ff
  0x00007ffe2378e4c9:   48 8b 78 30 48 8b cb e8 9b a0 f4 ff 90 48 8b c7
  0x00007ffe2378e4d9:   48 8b 5c 24 30 48 83 c4 20 5f c3 cc cc cc cc cc
  0x00007ffe2378e4e9:   cc cc cc cc cc cc cc 48 89 5c 24 08 57 48 83 ec
  0x00007ffe2378e4f9:   20 8b f9 e8 af 9e f4 ff 48 8b d8 48 89 44 24 38
  0x00007ffe2378e509:   41 b8 01 00 00 00 8b d7 48 8b c8 e8 07 9e f4 ff
  0x00007ffe2378e519:   48 8b 78 08 48 85 ff 74 07 48 8b bf 08 0c 00 00
  0x00007ffe2378e529:   48 8b cb e8 3f a0 f4 ff 90 48 8b c7 48 8b 5c 24
  0x00007ffe2378e539:   30 48 83 c4 20 5f c3 f3 0f 10 41 48 c3 cc cc cc
  0x00007ffe2378e549:   cc cc cc cc cc cc cc f3 0f 10 41 4c c3 cc cc cc
  0x00007ffe2378e559:   cc cc cc cc cc cc cc 48 89 5c 24 10 48 89 74 24
  0x00007ffe2378e569:   18 55 57 41 56 48 8d 6c 24 e0 48 81 ec 20 01 00


Stack slot to memory mapping:

stack at sp + 0 slots: 0x00007ffe237ec838 awt.dll
stack at sp + 1 slots: 0x000001efbb7faaf0 points into unknown readable memory: 0x000001efbb3764c0 | c0 64 37 bb ef 01 00 00
stack at sp + 2 slots: 0x000001efbb8dadc0 points into unknown readable memory: 0x0000000714136e28 | 28 6e 13 14 07 00 00 00
stack at sp + 3 slots: 0x000001efbb7faaf0 points into unknown readable memory: 0x000001efbb3764c0 | c0 64 37 bb ef 01 00 00
stack at sp + 4 slots: 0x000001efbbbda278 points into unknown readable memory: 0x00007ffd8f7d6ba0 | a0 6b 7d 8f fd 7f 00 00
stack at sp + 5 slots: 0x00007ffe2378d812 awt.dll
stack at sp + 6 slots: 0x000001efbb7faaf0 points into unknown readable memory: 0x000001efbb3764c0 | c0 64 37 bb ef 01 00 00
stack at sp + 7 slots: 0x000001efbb7faaf0 points into unknown readable memory: 0x000001efbb3764c0 | c0 64 37 bb ef 01 00 00

Lock stack of current Java thread (top to bottom):

native method entry point (kind = native)  [0x000001efab6dcdc0, 0x000001efab6dd8b8]  2808 bytes
[MachCode]
  0x000001efab6dcdc0: 488b 4b08 | 0fb7 492e | 584c 8d74 | ccf8 6800 | 0000 0068 | 0000 0000 | 5055 488b | ec41 5548 
  0x000001efab6dcde0: 8b43 084c | 8d68 3848 | 8b40 0868 | 0000 0000 | 5348 8b50 | 1848 8b52 | 7048 8b12 | 5248 8b53 
  0x000001efab6dce00: 1048 85d2 | 7407 4881 | c2d0 0000 | 0052 488b | 5010 5249 | 8bc6 482b | c548 c1e8 | 0350 6800 
  0x000001efab6dce20: 0000 0068 | f7ff ffff | 41c6 87f1 | 0400 0001 | 488b 4310 | 4885 c074 | 208b 8890 | 0000 0083 
  0x000001efab6dce40: c102 8988 | 9000 0000 | 2388 a400 | 0000 0f84 | b209 0000 | e9cf 0000 | 0048 8b43 | 1848 85c0 
  0x000001efab6dce60: 0f85 b000 | 0000 e805 | 0000 00e9 | 9900 0000 | 488b d348 | 8d44 2408 | 4c89 6dc0 | 498b cfc5 
  0x000001efab6dce80: f877 4989 | af38 0400 | 0049 8987 | 2804 0000 | 4883 ec20 | 40f6 c40f | 0f84 1900 | 0000 4883 
  0x000001efab6dcea0: ec08 48b8 | 4022 f68e | fd7f 0000 | ffd0 4883 | c408 e90c | 0000 0048 | b840 22f6 | 8efd 7f00 
  0x000001efab6dcec0: 00ff d048 | 83c4 2049 | c787 2804 | 0000 0000 | 0000 49c7 | 8738 0400 | 0000 0000 | 0049 c787 
  0x000001efab6dcee0: 3004 0000 | 0000 0000 | c5f8 7749 | 837f 0800 | 0f84 0500 | 0000 e9e5 | 42ff ff4c | 8b6d c04c 
  0x000001efab6dcf00: 8b75 c84e | 8d74 f500 | c348 8b43 | 1848 85c0 | 0f84 1200 | 0000 8b48 | 0883 c102 | 8948 0823 
  0x000001efab6dcf20: 482c 0f84 | de08 0000 | 493b a770 | 0500 000f | 8748 0000 | 0089 8424 | 00f0 ffff | 8984 2400 
  0x000001efab6dcf40: e0ff ff89 | 8424 00d0 | ffff 8984 | 2400 c0ff | ff89 8424 | 00b0 ffff | 8984 2400 | a0ff ff89 
  0x000001efab6dcf60: 8424 0090 | ffff 8984 | 2400 80ff | ff49 3ba7 | 6805 0000 | 7607 4989 | a770 0500 | 0041 c687 
  0x000001efab6dcf80: f104 0000 | 0048 8b5d | e84c 8b5b | 0845 0fb7 | 5b2e 41c1 | e303 492b | e348 83ec | 2048 83e4 
  0x000001efab6dcfa0: f04c 8b5b | 604d 85db | 0f85 ab00 | 0000 e805 | 0000 00e9 | 9900 0000 | 488b d348 | 8d44 2408 
  0x000001efab6dcfc0: 4c89 6dc0 | 498b cfc5 | f877 4989 | af38 0400 | 0049 8987 | 2804 0000 | 4883 ec20 | 40f6 c40f 
  0x000001efab6dcfe0: 0f84 1900 | 0000 4883 | ec08 48b8 | 704b f68e | fd7f 0000 | ffd0 4883 | c408 e90c | 0000 0048 
  0x000001efab6dd000: b870 4bf6 | 8efd 7f00 | 00ff d048 | 83c4 2049 | c787 2804 | 0000 0000 | 0000 49c7 | 8738 0400 
  0x000001efab6dd020: 0000 0000 | 0049 c787 | 3004 0000 | 0000 0000 | c5f8 7749 | 837f 0800 | 0f84 0500 | 0000 e99d 
  0x000001efab6dd040: 41ff ff4c | 8b6d c04c | 8b75 c84e | 8d74 f500 | c348 8b5d | e84c 8b5b | 6041 ffd3 | 488b 5de8 
  0x000001efab6dd060: 4889 4518 | 440f b75b | 2c41 f6c3 | 080f 841b | 0000 004c | 8b5b 084d | 8b5b 084d | 8b5b 184d 
  0x000001efab6dd080: 8b5b 704d | 8b1b 4c89 | 5d10 488d | 5510 488b | 4358 49ba | 4015 318f | fd7f 0000 | 493b c20f 
  0x000001efab6dd0a0: 85ab 0000 | 00e8 0500 | 0000 e999 | 0000 0048 | 8bd3 488d | 4424 084c | 896d c049 | 8bcf c5f8 
  0x000001efab6dd0c0: 7749 89af | 3804 0000 | 4989 8728 | 0400 0048 | 83ec 2040 | f6c4 0f0f | 8419 0000 | 0048 83ec 
  0x000001efab6dd0e0: 0848 b870 | 4bf6 8efd | 7f00 00ff | d048 83c4 | 08e9 0c00 | 0000 48b8 | 704b f68e | fd7f 0000 
  0x000001efab6dd100: ffd0 4883 | c420 49c7 | 8728 0400 | 0000 0000 | 0049 c787 | 3804 0000 | 0000 0000 | 49c7 8730 
  0x000001efab6dd120: 0400 0000 | 0000 00c5 | f877 4983 | 7f08 000f | 8405 0000 | 00e9 a640 | ffff 4c8b | 6dc0 4c8b 
  0x000001efab6dd140: 75c8 4e8d | 74f5 00c3 | 488b 5de8 | 488b 4358 | 498d 8f48 | 0400 004c | 8d15 d500 | 0000 4d89 
  0x000001efab6dd160: 9730 0400 | 00c5 f877 | 4989 af38 | 0400 0049 | 89a7 2804 | 0000 41c7 | 87d4 0400 | 0004 0000 
  0x000001efab6dd180: 0049 3ba7 | c805 0000 | 7607 4989 | a7c8 0500 | 00ff d049 | 3ba7 c805 | 0000 720b | 49c7 87c8 
  0x000001efab6dd1a0: 0500 0000 | 0000 00c5 | f877 4883 | ec10 c5fb | 1104 2448 | 83ec 1048 | 8904 2448 | c744 2408 
  0x000001efab6dd1c0: 0000 0000 | 41c7 87d4 | 0400 0005 | 0000 00f0 | 8344 24c0 | 0049 3b6f | 280f 870e | 0000 0041 
  0x000001efab6dd1e0: 83bf d004 | 0000 000f | 8420 0000 | 0049 8bcf | 4c8b e448 | 83ec 2048 | 83e4 f048 | b8a0 aff7 
  0x000001efab6dd200: 8efd 7f00 | 00ff d049 | 8be4 4d33 | e441 c787 | d404 0000 | 0800 0000 | 4d8b 97f0 | 0500 0049 
  0x000001efab6dd220: 83fa 0074 | 3549 c787 | f005 0000 | 0000 0000 | 41ff e249 | ba60 be6d | abef 0100 | 0041 ffd2 
  0x000001efab6dd240: 4883 ec10 | c5fb 1104 | 2448 83ec | 1048 8904 | 2448 c744 | 2408 0000 | 0000 49c7 | 8728 0400 
  0x000001efab6dd260: 0000 0000 | 0049 c787 | 3804 0000 | 0000 0000 | 49c7 8730 | 0400 0000 | 0000 00c5 | f877 4d8b 
  0x000001efab6dd280: 9fb8 0400 | 0041 c783 | 0001 0000 | 0000 0000 | 49bb 5aa7 | 6dab ef01 | 0000 4c3b | 5d18 0f85 
  0x000001efab6dd2a0: 5501 0000 | 488b 0424 | 4883 c410 | 4885 c00f | 842f 0100 | 00a8 030f | 8508 0000 | 0048 8b00 
  0x000001efab6dd2c0: e91f 0100 | 00a8 010f | 8509 0000 | 0048 8b40 | fee9 0e01 | 0000 488b | 40ff 4180 | 7f48 000f 
  0x000001efab6dd2e0: 84ff 0000 | 0048 83f8 | 000f 84f5 | 0000 004d | 8b5f 384d | 85db 0f84 | 1400 0000 | 4983 eb08 
  0x000001efab6dd300: 4d89 5f38 | 4d03 5f40 | 4989 03e9 | d400 0000 | 4883 ec70 | 4889 0424 | 4889 4c24 | 0848 8954 
  0x000001efab6dd320: 2410 4c89 | 4424 184c | 894c 2420 | 4c89 5424 | 284c 895c | 2430 c5fb | 1144 2440 | c5fb 114c 
  0x000001efab6dd340: 2448 c5fb | 1154 2450 | c5fb 115c | 2458 c5fb | 1164 2460 | c5fb 116c | 2468 498b | d748 8bc8 
  0x000001efab6dd360: 4883 ec20 | 40f6 c40f | 0f84 1900 | 0000 4883 | ec08 48b8 | 2077 ea8e | fd7f 0000 | ffd0 4883 
  0x000001efab6dd380: c408 e90c | 0000 0048 | b820 77ea | 8efd 7f00 | 00ff d048 | 83c4 20c5 | fb10 6c24 | 68c5 fb10 
  0x000001efab6dd3a0: 6424 60c5 | fb10 5c24 | 58c5 fb10 | 5424 50c5 | fb10 4c24 | 48c5 fb10 | 4424 404c | 8b5c 2430 
  0x000001efab6dd3c0: 4c8b 5424 | 284c 8b4c | 2420 4c8b | 4424 1848 | 8b54 2410 | 488b 4c24 | 0848 8b04 | 2448 83c4 
  0x000001efab6dd3e0: 70c5 f877 | 4889 4510 | 4883 ec10 | 4889 0424 | 48c7 4424 | 0800 0000 | 0041 83bf | 5005 0000 
  0x000001efab6dd400: 020f 85bf | 0000 0048 | 81ec 8000 | 0000 4889 | 4424 7848 | 894c 2470 | 4889 5424 | 6848 895c 
  0x000001efab6dd420: 2460 4889 | 6c24 5048 | 8974 2448 | 4889 7c24 | 404c 8944 | 2438 4c89 | 4c24 304c | 8954 2428 
  0x000001efab6dd440: 4c89 5c24 | 204c 8964 | 2418 4c89 | 6c24 104c | 8974 2408 | 4c89 3c24 | 4c8b e448 | 83ec 2048 
  0x000001efab6dd460: 83e4 f048 | b8b0 fc30 | 8ffd 7f00 | 00ff d049 | 8be4 4c8b | 3c24 4c8b | 7424 084c | 8b6c 2410 
  0x000001efab6dd480: 4c8b 6424 | 184c 8b5c | 2420 4c8b | 5424 284c | 8b4c 2430 | 4c8b 4424 | 3848 8b7c | 2440 488b 
  0x000001efab6dd4a0: 7424 4848 | 8b6c 2450 | 488b 5c24 | 6048 8b54 | 2468 488b | 4c24 7048 | 8b44 2478 | 4881 c480 
  0x000001efab6dd4c0: 0000 004d | 33e4 488b | 5de8 4c8b | 6b08 4d8d | 6d38 4983 | 7f08 000f | 84bb 0000 | 00e8 0500 
  0x000001efab6dd4e0: 0000 e996 | 0000 0048 | 8d44 2408 | 4c89 6dc0 | 498b cfc5 | f877 4989 | af38 0400 | 0049 8987 
  0x000001efab6dd500: 2804 0000 | 4883 ec20 | 40f6 c40f | 0f84 1900 | 0000 4883 | ec08 48b8 | b069 f68e | fd7f 0000 
  0x000001efab6dd520: ffd0 4883 | c408 e90c | 0000 0048 | b8b0 69f6 | 8efd 7f00 | 00ff d048 | 83c4 2049 | c787 2804 
  0x000001efab6dd540: 0000 0000 | 0000 49c7 | 8738 0400 | 0000 0000 | 0049 c787 | 3004 0000 | 0000 0000 | c5f8 7749 
  0x000001efab6dd560: 837f 0800 | 0f84 0500 | 0000 e971 | 3cff ff4c | 8b6d c04c | 8b75 c84e | 8d74 f500 | c348 b968 
  0x000001efab6dd580: 085a 8ffd | 7f00 0048 | 83e4 f048 | b800 911d | 8ffd 7f00 | 00ff d0f4 | 440f b75b | 2c41 f6c3 
  0x000001efab6dd5a0: 200f 8472 | 0100 0048 | 8d55 a84c | 8b5a 084d | 85db 0f85 | bb00 0000 | e805 0000 | 00e9 9600 
  0x000001efab6dd5c0: 0000 488d | 4424 084c | 896d c049 | 8bcf c5f8 | 7749 89af | 3804 0000 | 4989 8728 | 0400 0048 
  0x000001efab6dd5e0: 83ec 2040 | f6c4 0f0f | 8419 0000 | 0048 83ec | 0848 b8e0 | 68f6 8efd | 7f00 00ff | d048 83c4 
  0x000001efab6dd600: 08e9 0c00 | 0000 48b8 | e068 f68e | fd7f 0000 | ffd0 4883 | c420 49c7 | 8728 0400 | 0000 0000 
  0x000001efab6dd620: 0049 c787 | 3804 0000 | 0000 0000 | 49c7 8730 | 0400 0000 | 0000 00c5 | f877 4983 | 7f08 000f 
  0x000001efab6dd640: 8405 0000 | 00e9 963b | ffff 4c8b | 6dc0 4c8b | 75c8 4e8d | 74f5 00c3 | 48b9 6808 | 5a8f fd7f 
  0x000001efab6dd660: 0000 4883 | e4f0 48b8 | 0091 1d8f | fd7f 0000 | ffd0 f44c | 896d c04c | 8b4a 0848 | c742 0800 
  0x000001efab6dd680: 0000 0045 | 8b87 d806 | 0000 4f3b | 4c07 f80f | 8542 0000 | 0041 83af | d806 0000 | 084f 3b4c 
  0x000001efab6dd6a0: 07f0 0f84 | 2a00 0000 | 498b 01a8 | 020f 8512 | 0000 004c | 8bc0 4983 | c801 f04d | 0fb1 010f 
  0x000001efab6dd6c0: 840d 0000 | 0041 8387 | d806 0000 | 08e9 0500 | 0000 e93e | 0000 004c | 894a 0848 | 8bca 4883 
  0x000001efab6dd6e0: ec20 40f6 | c40f 0f84 | 1900 0000 | 4883 ec08 | 48b8 303b | f68e fd7f | 0000 ffd0 | 4883 c408 
  0x000001efab6dd700: e90c 0000 | 0048 b830 | 3bf6 8efd | 7f00 00ff | d048 83c4 | 204c 8b6d | c041 c687 | 9603 0000 
  0x000001efab6dd720: 0149 3b6f | 280f 8705 | 0000 00e9 | ab00 0000 | 4883 ec10 | c5fb 1104 | 2448 83ec | 1048 8904 
  0x000001efab6dd740: 2448 c744 | 2408 0000 | 0000 c5f8 | 7749 89af | 3804 0000 | 49ba 4ad7 | 6dab ef01 | 0000 4d89 
  0x000001efab6dd760: 9730 0400 | 0049 89a7 | 2804 0000 | 498b cf48 | 83ec 2040 | f6c4 0f0f | 8419 0000 | 0048 83ec 
  0x000001efab6dd780: 0848 b8d0 | 21f6 8efd | 7f00 00ff | d048 83c4 | 08e9 0c00 | 0000 48b8 | d021 f68e | fd7f 0000 
  0x000001efab6dd7a0: ffd0 4883 | c420 49c7 | 8728 0400 | 0000 0000 | 0049 c787 | 3804 0000 | 0000 0000 | 49c7 8730 
  0x000001efab6dd7c0: 0400 0000 | 0000 00c5 | f877 488b | 0424 4883 | c410 c5fb | 1004 2448 | 83c4 1048 | 8b04 2448 
  0x000001efab6dd7e0: 83c4 10c5 | fb10 0424 | 4883 c410 | 4c8b 5d18 | 41ff d34c | 8b5d f8c9 | 41c6 8796 | 0300 0000 
  0x000001efab6dd800: 5f49 8be3 | ffe7 ba00 | 0000 00e8 | 0500 0000 | e996 0000 | 0048 8d44 | 2408 4c89 | 6dc0 498b 
  0x000001efab6dd820: cfc5 f877 | 4989 af38 | 0400 0049 | 8987 2804 | 0000 4883 | ec20 40f6 | c40f 0f84 | 1900 0000 
  0x000001efab6dd840: 4883 ec08 | 48b8 2031 | f68e fd7f | 0000 ffd0 | 4883 c408 | e90c 0000 | 0048 b820 | 31f6 8efd 
  0x000001efab6dd860: 7f00 00ff | d048 83c4 | 2049 c787 | 2804 0000 | 0000 0000 | 49c7 8738 | 0400 0000 | 0000 0049 
  0x000001efab6dd880: c787 3004 | 0000 0000 | 0000 c5f8 | 7749 837f | 0800 0f84 | 0500 0000 | e943 39ff | ff4c 8b6d 
  0x000001efab6dd8a0: c04c 8b75 | c84e 8d74 | f500 c348 | 8b5d e8e9 | 74f6 ffff | 0f1f 4000 
[/MachCode]

Compiled method (c1) 37590 1685   !   3       java.awt.event.InvocationEvent::dispatch (69 bytes)
 total in heap  [0x000001efa43cf888,0x000001efa43cffe0] = 1880
 main code      [0x000001efa43cf980,0x000001efa43cff78] = 1528
 stub code      [0x000001efa43cff78,0x000001efa43cffe0] = 104
 mutable data [0x000001efbb5723a0,0x000001efbb572438] = 152
 relocation     [0x000001efbb5723a0,0x000001efbb572430] = 144
 metadata       [0x000001efbb572430,0x000001efbb572438] = 8
 immutable data [0x000001efbb2c8ef0,0x000001efbb2c9098] = 424
 dependencies   [0x000001efbb2c8ef0,0x000001efbb2c8ef8] = 8
 nul chk table  [0x000001efbb2c8ef8,0x000001efbb2c8f10] = 24
 handler table  [0x000001efbb2c8f10,0x000001efbb2c8fa0] = 144
 scopes pcs     [0x000001efbb2c8fa0,0x000001efbb2c9040] = 160
 scopes data    [0x000001efbb2c9040,0x000001efbb2c9098] = 88

[Constant Pool (empty)]

[MachCode]
[Instructions begin]
  0x000001efa43cf980: 6666 660f | 1f84 0000 | 0000 0066 | 6666 9066 | 6690 448b | 5208 443b 

  0x000001efa43cf998: ;   {runtime_call Shared Runtime ic_miss_blob}
  0x000001efa43cf998: 5008 0f85 | 40f1 3407 
[Verified Entry Point]
  0x000001efa43cf9a0: 8984 2400 | 80ff ff55 | 4883 ec30 | 4181 7f20 | 0100 0000 

  0x000001efa43cf9b4: ;   {runtime_call Stub::method_entry_barrier}
  0x000001efa43cf9b4: 7405 e885 | 4833 0748 | 8954 2418 

  0x000001efa43cf9c0: ;   {metadata(method data for {method} {0x000001efbc4bfdd8} 'dispatch' '()V' in 'java/awt/event/InvocationEvent')}
  0x000001efa43cf9c0: 48be 3022 | a0bc ef01 | 0000 8bbe | 9000 0000 | 83c7 0289 | be90 0000 | 0081 e7fe | 0700 0085 
  0x000001efa43cf9e0: ff0f 84af | 0400 000f | be72 1d85 

  0x000001efa43cf9ec: ;   {metadata(method data for {method} {0x000001efbc4bfdd8} 'dispatch' '()V' in 'java/awt/event/InvocationEvent')}
  0x000001efa43cf9ec: f648 be30 | 22a0 bcef | 0100 00bf | d800 0000 | 7405 bfe8 | 0000 0048 | 8b1c 3e48 | 8d5b 0148 
  0x000001efa43cfa0c: 891c 3e0f | 84d1 0000 | 008b 7228 | 48c1 e603 

  0x000001efa43cfa1c: ; implicit exception: dispatches to 0x000001efa43cfeb7
  0x000001efa43cfa1c: 483b 0648 

  0x000001efa43cfa20: ;   {metadata(method data for {method} {0x000001efbc4bfdd8} 'dispatch' '()V' in 'java/awt/event/InvocationEvent')}
  0x000001efa43cfa20: 8bfe 48bb | 3022 a0bc | ef01 0000 | 8b7f 0841 | ba00 0000 | 3849 03fa | 483b bb00 | 0100 0075 
  0x000001efa43cfa40: 0d48 8383 | 0801 0000 | 01e9 6000 | 0000 483b | bb10 0100 | 0075 0d48 | 8383 1801 | 0000 01e9 
  0x000001efa43cfa60: 4a00 0000 | 4883 bb00 | 0100 0000 | 7517 4889 | bb00 0100 | 0048 c783 | 0801 0000 | 0100 0000 
  0x000001efa43cfa80: e929 0000 | 0048 83bb | 1001 0000 | 0075 1748 | 89bb 1001 | 0000 48c7 | 8318 0100 | 0001 0000 
  0x000001efa43cfaa0: 00e9 0800 | 0000 4883 | 83f8 0000 | 0001 488b | d60f 1f40 | 0048 b8a0 | f49a bbef 

  0x000001efa43cfabc: ;   {virtual_call}
  0x000001efa43cfabc: 0100 00e8 

  0x000001efa43cfac0: ; ImmutableOopMap {[24]=Oop }
                      ;*invokeinterface run {reexecute=0 rethrow=0 return_oop=0}
                      ; - java.awt.event.InvocationEvent::dispatch@11 (line 313)
  0x000001efa43cfac0: 1cf6 3407 

  0x000001efa43cfac4: ;   {post_call_nop}
  0x000001efa43cfac4: 0f1f 8400 | 3c02 0000 

  0x000001efa43cfacc: ;   {metadata(method data for {method} {0x000001efbc4bfdd8} 'dispatch' '()V' in 'java/awt/event/InvocationEvent')}
  0x000001efa43cfacc: 48ba 3022 | a0bc ef01 | 0000 ff82 | 2801 0000 | 488b 5424 | 18e9 0703 | 0000 8b72 | 2848 c1e6 
  0x000001efa43cfaec: 0348 3b06 

  0x000001efa43cfaf0: ;   {metadata(method data for {method} {0x000001efbc4bfdd8} 'dispatch' '()V' in 'java/awt/event/InvocationEvent')}
  0x000001efa43cfaf0: 488b fe48 | bb30 22a0 | bcef 0100 | 008b 7f08 | 41ba 0000 | 0038 4903 | fa48 3bbb | e001 0000 
  0x000001efa43cfb10: 750d 4883 | 83e8 0100 | 0001 e960 | 0000 0048 | 3bbb f001 | 0000 750d | 4883 83f8 | 0100 0001 
  0x000001efa43cfb30: e94a 0000 | 0048 83bb | e001 0000 | 0075 1748 | 89bb e001 | 0000 48c7 | 83e8 0100 | 0001 0000 
  0x000001efa43cfb50: 00e9 2900 | 0000 4883 | bbf0 0100 | 0000 7517 | 4889 bbf0 | 0100 0048 | c783 f801 | 0000 0100 
  0x000001efa43cfb70: 0000 e908 | 0000 0048 | 8383 d801 | 0000 0148 | 8bd6 6666 | 9048 b8c8 | f49a bbef 

  0x000001efa43cfb8c: ;   {virtual_call}
  0x000001efa43cfb8c: 0100 00e8 

  0x000001efa43cfb90: ; ImmutableOopMap {[24]=Oop }
                      ;*invokeinterface run {reexecute=0 rethrow=0 return_oop=0}
                      ; - java.awt.event.InvocationEvent::dispatch@47 (line 323)
  0x000001efa43cfb90: 1c59 4207 

  0x000001efa43cfb94: ;   {post_call_nop}
  0x000001efa43cfb94: 0f1f 8400 | 0c03 0001 | 488b 5424 | 18e9 4702 | 0000 498b | 8788 0500 | 004d 33d2 | 4d89 9788 
  0x000001efa43cfbb4: 0500 004d | 33d2 4d89 | 9790 0500 | 0048 85c0 

  0x000001efa43cfbc4: ;   {metadata(method data for {method} {0x000001efbc4bfdd8} 'dispatch' '()V' in 'java/awt/event/InvocationEvent')}
  0x000001efa43cfbc4: 48be 3022 | a0bc ef01 | 0000 750c | 808e 3901 | 0000 01e9 | a700 0000 | 8b78 0841 | ba00 0000 
  0x000001efa43cfbe4: 3849 03fa | 483b be48 | 0100 0075 | 0d48 8386 | 5001 0000 | 01e9 6000 | 0000 483b | be58 0100 
  0x000001efa43cfc04: 0075 0d48 | 8386 6001 | 0000 01e9 | 4a00 0000 | 4883 be48 | 0100 0000 | 7517 4889 | be48 0100 
  0x000001efa43cfc24: 0048 c786 | 5001 0000 | 0100 0000 | e929 0000 | 0048 83be | 5801 0000 | 0075 1748 | 89be 5801 
  0x000001efa43cfc44: 0000 48c7 | 8660 0100 | 0001 0000 | 00e9 0800 | 0000 4883 | 8640 0100 

  0x000001efa43cfc5c: ;   {metadata('java/lang/Exception')}
  0x000001efa43cfc5c: 0001 48bf | 30c9 1d38 | 0000 0000 | 8b70 0841 | ba00 0000 | 3849 03f2 | 483b 7e40 | 0f85 0500 
  0x000001efa43cfc7c: 0000 e905 | 0000 004d | 33c0 eb06 | 41b8 0100 | 0000 4585 

  0x000001efa43cfc90: ;   {metadata(method data for {method} {0x000001efbc4bfdd8} 'dispatch' '()V' in 'java/awt/event/InvocationEvent')}
  0x000001efa43cfc90: c049 b830 | 22a0 bcef | 0100 00ba | 7001 0000 | 7405 ba80 | 0100 0049 | 8b34 1048 | 8d76 0149 
  0x000001efa43cfcb0: 8934 1048 | 8b54 2418 | 0f84 f100 | 0000 4885 

  0x000001efa43cfcc0: ;   {metadata(method data for {method} {0x000001efbc4bfdd8} 'dispatch' '()V' in 'java/awt/event/InvocationEvent')}
  0x000001efa43cfcc0: c048 bf30 | 22a0 bcef | 0100 0075 | 0c80 8f89 | 0100 0001 | e9a7 0000 | 008b 5808 | 41ba 0000 
  0x000001efa43cfce0: 0038 4903 | da48 3b9f | 9801 0000 | 750d 4883 | 87a0 0100 | 0001 e960 | 0000 0048 | 3b9f a801 
  0x000001efa43cfd00: 0000 750d | 4883 87b0 | 0100 0001 | e94a 0000 | 0048 83bf | 9801 0000 | 0075 1748 | 899f 9801 
  0x000001efa43cfd20: 0000 48c7 | 87a0 0100 | 0001 0000 | 00e9 2900 | 0000 4883 | bfa8 0100 | 0000 7517 | 4889 9fa8 
  0x000001efa43cfd40: 0100 0048 | c787 b001 | 0000 0100 | 0000 e908 | 0000 0048 | 8387 9001 

  0x000001efa43cfd58: ;   {metadata('java/lang/Exception')}
  0x000001efa43cfd58: 0000 0148 | bb30 c91d | 3800 0000 | 008b 7808 | 41ba 0000 | 0038 4903 | fa48 3b5f | 400f 8546 
  0x000001efa43cfd78: 0100 00e9 | 0000 0000 | 4c8b c041 | 0fbe 7748 | 85f6 0f85 | 3a01 0000 | 4d8b d049 | c1ea 0344 
  0x000001efa43cfd98: 8952 3448 | 8bf2 4933 | f048 c1ee | 1548 83fe | 000f 853a | 0100 0045 | 0fbe 4748 | 4585 c00f 
  0x000001efa43cfdb8: 8544 0100 | 004c 8bd0 | 49c1 ea03 | 4489 5238 | 4c8b c24c | 33c0 49c1 | e815 4983 | f800 0f85 
  0x000001efa43cfdd8: 4501 0000 

  0x000001efa43cfddc: ;   {metadata(method data for {method} {0x000001efbc4bfdd8} 'dispatch' '()V' in 'java/awt/event/InvocationEvent')}
  0x000001efa43cfddc: 49b8 3022 | a0bc ef01 | 0000 41ff | 80c0 0100 | 004c 8bc2 

  0x000001efa43cfdf0: ;   {metadata(method data for {method} {0x000001efbc4bfdd8} 'dispatch' '()V' in 'java/awt/event/InvocationEvent')}
  0x000001efa43cfdf0: 48be 3022 | a0bc ef01 | 0000 4883 | 8608 0200 | 0001 41b8 | 0100 0000 | 0f1f 8000 

  0x000001efa43cfe0c: ;   {optimized virtual_call}
  0x000001efa43cfe0c: 0000 00e8 

  0x000001efa43cfe10: ; ImmutableOopMap {}
                      ;*invokevirtual finishedDispatching {reexecute=0 rethrow=0 return_oop=0}
                      ; - java.awt.event.InvocationEvent::dispatch@54 (line 326)
  0x000001efa43cfe10: 0c5c 1000 

  0x000001efa43cfe14: ;   {post_call_nop}
  0x000001efa43cfe14: 0f1f 8400 | 8c05 0002 

  0x000001efa43cfe1c: ;   {metadata(method data for {method} {0x000001efbc4bfdd8} 'dispatch' '()V' in 'java/awt/event/InvocationEvent')}
  0x000001efa43cfe1c: 48b8 3022 | a0bc ef01 | 0000 ff80 | 3802 0000 | 4883 c430 

  0x000001efa43cfe30: ;   {poll_return}
  0x000001efa43cfe30: 5d49 3b67 | 280f 87fe | 0000 00c3 | 488b 5424 | 1849 8b87 | 8805 0000 | 4d33 d24d | 8997 8805 
  0x000001efa43cfe50: 0000 4d33 | d24d 8997 | 9005 0000 

  0x000001efa43cfe5c: ;   {metadata(method data for {method} {0x000001efbc4bfdd8} 'dispatch' '()V' in 'java/awt/event/InvocationEvent')}
  0x000001efa43cfe5c: 4c8b c248 | be30 22a0 | bcef 0100 | 0048 8386 | 5002 0000 | 0141 b801 | 0000 0048 | 8944 2420 
  0x000001efa43cfe7c: ;   {optimized virtual_call}
  0x000001efa43cfe7c: 6666 90e8 

  0x000001efa43cfe80: ; ImmutableOopMap {[32]=Oop }
                      ;*invokevirtual finishedDispatching {reexecute=0 rethrow=0 return_oop=0}
                      ; - java.awt.event.InvocationEvent::dispatch@63 (line 326)
  0x000001efa43cfe80: 5cef 3407 

  0x000001efa43cfe84: ;   {post_call_nop}
  0x000001efa43cfe84: 0f1f 8400 | fc05 0003 | 488b 4424 | 20e9 d600 

  0x000001efa43cfe94: ;   {metadata({method} {0x000001efbc4bfdd8} 'dispatch' '()V' in 'java/awt/event/InvocationEvent')}
  0x000001efa43cfe94: 0000 49ba | d0fd 4bbc | ef01 0000 | 4c89 5424 | 0848 c704 | 24ff ffff 

  0x000001efa43cfeac: ;   {runtime_call C1 Runtime counter_overflow_blob}
  0x000001efa43cfeac: ffe8 2e02 

  0x000001efa43cfeb0: ; ImmutableOopMap {rdx=Oop [24]=Oop }
                      ;*synchronization entry
                      ; - java.awt.event.InvocationEvent::dispatch@-1 (line 311)
  0x000001efa43cfeb0: 4207 e930 

  0x000001efa43cfeb4: ;   {runtime_call C1 Runtime throw_null_pointer_exception_blob}
  0x000001efa43cfeb4: fbff ffe8 

  0x000001efa43cfeb8: ; ImmutableOopMap {rdx=Oop rsi=Oop [24]=Oop }
                      ;*invokeinterface run {reexecute=0 rethrow=0 return_oop=0}
                      ; - java.awt.event.InvocationEvent::dispatch@11 (line 313)
  0x000001efa43cfeb8: a493 4107 

  0x000001efa43cfebc: ;   {runtime_call C1 Runtime throw_null_pointer_exception_blob}
  0x000001efa43cfebc: e89f 9341 

  0x000001efa43cfec0: ; ImmutableOopMap {rdx=Oop rsi=Oop [24]=Oop }
                      ;*invokeinterface run {reexecute=0 rethrow=0 return_oop=0}
                      ; - java.awt.event.InvocationEvent::dispatch@47 (line 323)
  0x000001efa43cfec0: 0748 8904 

  0x000001efa43cfec4: ;   {runtime_call C1 Runtime throw_class_cast_exception_blob}
  0x000001efa43cfec4: 24e8 96c2 

  0x000001efa43cfec8: ; ImmutableOopMap {rax=Oop rdx=Oop [24]=Oop }
                      ;*checkcast {reexecute=0 rethrow=0 return_oop=0}
                      ; - java.awt.event.InvocationEvent::dispatch@29 (line 317)
  0x000001efa43cfec8: 4107 8b72 | 3448 c1e6 | 0348 83fe | 000f 84b5 | feff ff48 

  0x000001efa43cfedc: ;   {runtime_call g1_pre_barrier_slow}
  0x000001efa43cfedc: 8934 24e8 | fc07 4207 | e9a7 feff | ff49 83f8 | 000f 84bc | feff ff48 

  0x000001efa43cfef4: ;   {runtime_call g1_post_barrier_slow}
  0x000001efa43cfef4: 8914 24e8 | e40a 4207 | e9ae feff | ff44 8b42 | 3849 c1e0 | 0349 83f8 | 000f 84aa | feff ff4c 
  0x000001efa43cff14: ;   {runtime_call g1_pre_barrier_slow}
  0x000001efa43cff14: 8904 24e8 | c407 4207 | e99c feff | ff48 83f8 | 000f 84b1 | feff ff48 

  0x000001efa43cff2c: ;   {runtime_call g1_post_barrier_slow}
  0x000001efa43cff2c: 8914 24e8 | ac0a 4207 | e9a3 feff 

  0x000001efa43cff38: ;   {internal_word}
  0x000001efa43cff38: ff49 ba31 | fe3c a4ef | 0100 004d | 8997 e004 

  0x000001efa43cff48: ;   {runtime_call SafepointBlob}
  0x000001efa43cff48: 0000 e911 | 1035 0749 | 8b87 8805 | 0000 49c7 | 8788 0500 | 0000 0000 | 0049 c787 | 9005 0000 
  0x000001efa43cff68: 0000 0000 | 4883 c430 

  0x000001efa43cff70: ;   {runtime_call C1 Runtime unwind_exception_blob}
  0x000001efa43cff70: 5de9 ea83 | 4107 f4f4 
[Stub Code]
  0x000001efa43cff78: ;   {other}
  0x000001efa43cff78: 0f1f 4400 

  0x000001efa43cff7c: ;   {static_stub}
  0x000001efa43cff7c: 0048 bb00 | 0000 0000 

  0x000001efa43cff84: ;   {runtime_call nmethod}
  0x000001efa43cff84: 0000 00e9 | fbff ffff 

  0x000001efa43cff8c: ;   {static_stub}
  0x000001efa43cff8c: 9048 bb00 | 0000 0000 

  0x000001efa43cff94: ;   {runtime_call nmethod}
  0x000001efa43cff94: 0000 00e9 | fbff ffff 

  0x000001efa43cff9c: ;   {static_stub}
  0x000001efa43cff9c: 48bb d001 | 4cbc ef01 

  0x000001efa43cffa4: ;   {runtime_call I2C/C2I adapters}
  0x000001efa43cffa4: 0000 e90b 

  0x000001efa43cffa8: ;   {runtime_call C1 Runtime handle_exception_from_callee_blob}
  0x000001efa43cffa8: 5935 07e8 | b0b7 4107 

  0x000001efa43cffb0: ;   {external_word}
  0x000001efa43cffb0: 48b9 6808 | 5a8f fd7f | 0000 4883 

  0x000001efa43cffbc: ;   {runtime_call}
  0x000001efa43cffbc: e4f0 48b8 | 0091 1d8f | fd7f 0000 

  0x000001efa43cffc8: ;   {section_word}
  0x000001efa43cffc8: ffd0 f449 | bacb ff3c | a4ef 0100 

  0x000001efa43cffd4: ;   {runtime_call DeoptimizationBlob}
  0x000001efa43cffd4: 0041 52e9 | 8412 3507 | f4f4 f4f4 
[/MachCode]


Compiled method (c1) 37609 1438       3       java.awt.EventQueue::dispatchEventImpl (139 bytes)
 total in heap  [0x000001efa4381808,0x000001efa4383958] = 8528
 main code      [0x000001efa4381900,0x000001efa4383838] = 7992
 stub code      [0x000001efa4383838,0x000001efa4383948] = 272
 oops           [0x000001efa4383948,0x000001efa4383958] = 16
 mutable data [0x000001efbbeae4b0,0x000001efbbeae820] = 880
 relocation     [0x000001efbbeae4b0,0x000001efbbeae758] = 680
 metadata       [0x000001efbbeae758,0x000001efbbeae820] = 200
 immutable data [0x000001efbbeadd20,0x000001efbbeae4a8] = 1928
 dependencies   [0x000001efbbeadd20,0x000001efbbeadd58] = 56
 nul chk table  [0x000001efbbeadd58,0x000001efbbeaddd8] = 128
 handler table  [0x000001efbbeaddd8,0x000001efbbeade98] = 192
 scopes pcs     [0x000001efbbeade98,0x000001efbbeae278] = 992
 scopes data    [0x000001efbbeae278,0x000001efbbeae4a8] = 560

[Constant Pool (empty)]

[MachCode]
[Instructions begin]
  0x000001efa4381900: 6666 660f | 1f84 0000 | 0000 0066 | 6666 9066 | 6690 448b | 5208 443b 

  0x000001efa4381918: ;   {runtime_call Shared Runtime ic_miss_blob}
  0x000001efa4381918: 5008 0f85 | c0d1 3907 
[Verified Entry Point]
  0x000001efa4381920: 8984 2400 | 80ff ff55 | 4881 ecd0 | 0000 0090 | 4181 7f20 | 0100 0000 

  0x000001efa4381938: ;   {runtime_call Stub::method_entry_barrier}
  0x000001efa4381938: 7405 e801 | 2938 074c | 8984 24a8 

  0x000001efa4381944: ;   {metadata(method data for {method} {0x000001efbc28b730} 'dispatchEventImpl' '(Ljava/awt/AWTEvent;Ljava/lang/Object;)V' in 'java/awt/EventQueue')}
  0x000001efa4381944: 0000 0048 | be70 fd92 | bcef 0100 | 008b be90 | 0000 0083 | c702 89be | 9000 0000 | 81e7 fe07 
  0x000001efa4381964: 0000 85ff | 0f84 8e1a | 0000 41c6 | 401a 014d 

  0x000001efa4381974: ;   {metadata(method data for {method} {0x000001efbc28b730} 'dispatchEventImpl' '(Ljava/awt/AWTEvent;Ljava/lang/Object;)V' in 'java/awt/EventQueue')}
  0x000001efa4381974: 85c0 48bb | 70fd 92bc | ef01 0000 | 750c 808b | d100 0000 | 01e9 c300 | 0000 418b | 4008 41ba 
  0x000001efa4381994: 0000 0038 | 4903 c248 | 3b83 e000 | 0000 750d | 4883 83e8 | 0000 0001 | e960 0000 | 0048 3b83 
  0x000001efa43819b4: f000 0000 | 750d 4883 | 83f8 0000 | 0001 e94a | 0000 0048 | 83bb e000 | 0000 0075 | 1748 8983 
  0x000001efa43819d4: e000 0000 | 48c7 83e8 | 0000 0001 | 0000 00e9 | 2900 0000 | 4883 bbf0 | 0000 0000 | 7517 4889 
  0x000001efa43819f4: 83f0 0000 | 0048 c783 | f800 0000 | 0100 0000 | e908 0000 | 0048 8383 | d800 0000 

  0x000001efa4381a10: ;   {metadata('java/awt/ActiveEvent')}
  0x000001efa4381a10: 0148 b878 | 1d0b 3900 | 0000 0041 | 8b58 0841 | ba00 0000 | 3849 03da | 483b 4320 | 0f84 2400 
  0x000001efa4381a30: 0000 483b | d80f 841b | 0000 0053 

  0x000001efa4381a3c: ;   {runtime_call C1 Runtime slow_subtype_check_blob}
  0x000001efa4381a3c: 50e8 1eb1 | 4607 5b5b | 85db 0f84 | 0500 0000 | e905 0000 | 0048 33f6 | eb05 be01 | 0000 0085 
  0x000001efa4381a5c: ;   {metadata(method data for {method} {0x000001efbc28b730} 'dispatchEventImpl' '(Ljava/awt/AWTEvent;Ljava/lang/Object;)V' in 'java/awt/EventQueue')}
  0x000001efa4381a5c: f648 be70 | fd92 bcef | 0100 00bf | 1801 0000 | 7505 bf08 | 0100 0048 | 8b1c 3e48 | 8d5b 0148 
  0x000001efa4381a7c: 891c 3e0f | 8543 1500 | 004d 85c9 

  0x000001efa4381a88: ;   {metadata(method data for {method} {0x000001efbc28b730} 'dispatchEventImpl' '(Ljava/awt/AWTEvent;Ljava/lang/Object;)V' in 'java/awt/EventQueue')}
  0x000001efa4381a88: 48bb 70fd | 92bc ef01 | 0000 750c | 808b c901 | 0000 01e9 | a900 0000 | 418b 4108 | 41ba 0000 
  0x000001efa4381aa8: 0038 4903 | c248 3b83 | d801 0000 | 750d 4883 | 83e0 0100 | 0001 e960 | 0000 0048 | 3b83 e801 
  0x000001efa4381ac8: 0000 750d | 4883 83f0 | 0100 0001 | e94a 0000 | 0048 83bb | d801 0000 | 0075 1748 | 8983 d801 
  0x000001efa4381ae8: 0000 48c7 | 83e0 0100 | 0001 0000 | 00e9 2900 | 0000 4883 | bbe8 0100 | 0000 7517 | 4889 83e8 
  0x000001efa4381b08: 0100 0048 | c783 f001 | 0000 0100 | 0000 e908 | 0000 0048 | 8383 d001 

  0x000001efa4381b20: ;   {metadata('java/awt/Component')}
  0x000001efa4381b20: 0000 0148 | b848 4200 | 3900 0000 | 0041 8b59 | 0841 ba00 | 0000 3849 | 03da 483b | 4338 0f85 
  0x000001efa4381b40: 0500 0000 | e905 0000 | 0048 33f6 | eb05 be01 | 0000 0085 

  0x000001efa4381b54: ;   {metadata(method data for {method} {0x000001efbc28b730} 'dispatchEventImpl' '(Ljava/awt/AWTEvent;Ljava/lang/Object;)V' in 'java/awt/EventQueue')}
  0x000001efa4381b54: f648 be70 | fd92 bcef | 0100 00bf | 0002 0000 | 7405 bf10 | 0200 0048 | 8b1c 3e48 | 8d5b 0148 
  0x000001efa4381b74: 891c 3e0f | 84bc 0600 | 004d 85c9 

  0x000001efa4381b80: ;   {metadata(method data for {method} {0x000001efbc28b730} 'dispatchEventImpl' '(Ljava/awt/AWTEvent;Ljava/lang/Object;)V' in 'java/awt/EventQueue')}
  0x000001efa4381b80: 48bf 70fd | 92bc ef01 | 0000 750c | 808f 1902 | 0000 01e9 | a900 0000 | 418b 5908 | 41ba 0000 
  0x000001efa4381ba0: 0038 4903 | da48 3b9f | 2802 0000 | 750d 4883 | 8730 0200 | 0001 e960 | 0000 0048 | 3b9f 3802 
  0x000001efa4381bc0: 0000 750d | 4883 8740 | 0200 0001 | e94a 0000 | 0048 83bf | 2802 0000 | 0075 1748 | 899f 2802 
  0x000001efa4381be0: 0000 48c7 | 8730 0200 | 0001 0000 | 00e9 2900 | 0000 4883 | bf38 0200 | 0000 7517 | 4889 9f38 
  0x000001efa4381c00: 0200 0048 | c787 4002 | 0000 0100 | 0000 e908 | 0000 0048 | 8387 2002 

  0x000001efa4381c18: ;   {metadata('java/awt/Component')}
  0x000001efa4381c18: 0000 0148 | bb48 4200 | 3900 0000 | 0041 8b79 | 0841 ba00 | 0000 3849 | 03fa 483b | 5f38 0f85 
  0x000001efa4381c38: e617 0000 | e900 0000 | 0049 8bd1 

  0x000001efa4381c44: ; implicit exception: dispatches to 0x000001efa438342b
  0x000001efa4381c44: 483b 0248 

  0x000001efa4381c48: ;   {metadata(method data for {method} {0x000001efbc28b730} 'dispatchEventImpl' '(Ljava/awt/AWTEvent;Ljava/lang/Object;)V' in 'java/awt/EventQueue')}
  0x000001efa4381c48: 8bf2 48bf | 70fd 92bc | ef01 0000 | 8b76 0841 | ba00 0000 | 3849 03f2 | 483b b758 | 0200 0075 
  0x000001efa4381c68: 0d48 8387 | 6002 0000 | 01e9 6000 | 0000 483b | b768 0200 | 0075 0d48 | 8387 7002 | 0000 01e9 
  0x000001efa4381c88: 4a00 0000 | 4883 bf58 | 0200 0000 | 7517 4889 | b758 0200 | 0048 c787 | 6002 0000 | 0100 0000 
  0x000001efa4381ca8: e929 0000 | 0048 83bf | 6802 0000 | 0075 1748 | 89b7 6802 | 0000 48c7 | 8770 0200 | 0001 0000 
  0x000001efa4381cc8: 00e9 0800 | 0000 4883 | 8750 0200 

  0x000001efa4381cd4: ;   {metadata(method data for {method} {0x000001efbc08d908} 'dispatchEvent' '(Ljava/awt/AWTEvent;)V' in 'java/awt/Component')}
  0x000001efa4381cd4: 0001 48be | e003 93bc | ef01 0000 | 8bbe 9000 | 0000 83c7 | 0289 be90 | 0000 0081 | e7fe ff1f 
  0x000001efa4381cf4: 0085 ff0f | 8433 1700 | 0048 8bf2 

  0x000001efa4381d00: ;   {metadata(method data for {method} {0x000001efbc08d908} 'dispatchEvent' '(Ljava/awt/AWTEvent;)V' in 'java/awt/Component')}
  0x000001efa4381d00: 48bf e003 | 93bc ef01 | 0000 8b76 | 0841 ba00 | 0000 3849 | 03f2 483b | b7e0 0000 | 0075 0d48 
  0x000001efa4381d20: 8387 e800 | 0000 01e9 | 6000 0000 | 483b b7f0 | 0000 0075 | 0d48 8387 | f800 0000 | 01e9 4a00 
  0x000001efa4381d40: 0000 4883 | bfe0 0000 | 0000 7517 | 4889 b7e0 | 0000 0048 | c787 e800 | 0000 0100 | 0000 e929 
  0x000001efa4381d60: 0000 0048 | 83bf f000 | 0000 0075 | 1748 89b7 | f000 0000 | 48c7 87f8 | 0000 0001 | 0000 00e9 
  0x000001efa4381d80: 0800 0000 | 4883 87d8 | 0000 0001 | 498b f04c | 8bc6 6666 | 9048 b8f0 | 70e8 bbef 

  0x000001efa4381d9c: ;   {virtual_call}
  0x000001efa4381d9c: 0100 00e8 

  0x000001efa4381da0: ; ImmutableOopMap {[168]=Oop }
                      ;*invokevirtual dispatchEventImpl {reexecute=0 rethrow=0 return_oop=0}
                      ; - java.awt.Component::dispatchEvent@2 (line 4790)
                      ; - java.awt.EventQueue::dispatchEventImpl@41 (line 725)
  0x000001efa4381da0: 843d 4707 

  0x000001efa4381da4: ;   {post_call_nop}
  0x000001efa4381da4: 0f1f 8400 | 9c05 0000 | 4c8b 8424 | a800 0000 

  0x000001efa4381db4: ;   {metadata(method data for {method} {0x000001efbc28b730} 'dispatchEventImpl' '(Ljava/awt/AWTEvent;Ljava/lang/Object;)V' in 'java/awt/EventQueue')}
  0x000001efa4381db4: 48be 70fd | 92bc ef01 | 0000 458b | 4008 41ba | 0000 0038 | 4d03 c24c | 3b86 8802 | 0000 750d 
  0x000001efa4381dd4: 4883 8690 | 0200 0001 | e960 0000 | 004c 3b86 | 9802 0000 | 750d 4883 | 86a0 0200 | 0001 e94a 
  0x000001efa4381df4: 0000 0048 | 83be 8802 | 0000 0075 | 174c 8986 | 8802 0000 | 48c7 8690 | 0200 0001 | 0000 00e9 
  0x000001efa4381e14: 2900 0000 | 4883 be98 | 0200 0000 | 7517 4c89 | 8698 0200 | 0048 c786 | a002 0000 | 0100 0000 
  0x000001efa4381e34: e908 0000 | 0048 8386 | 8002 0000 

  0x000001efa4381e40: ;   {metadata(method data for {method} {0x000001efbc12f4d0} 'dispatched' '()V' in 'java/awt/AWTEvent')}
  0x000001efa4381e40: 0148 be30 | 0593 bcef | 0100 008b | be90 0000 | 0083 c702 | 89be 9000 | 0000 81e7 | feff 1f00 
  0x000001efa4381e60: 85ff 0f84 | e915 0000 | 4c8b 8424 | a800 0000 

  0x000001efa4381e70: ;   {metadata(method data for {method} {0x000001efbc12f4d0} 'dispatched' '()V' in 'java/awt/AWTEvent')}
  0x000001efa4381e70: 4d85 c048 | bb30 0593 | bcef 0100 | 0075 0c80 | 8bd1 0000 | 0001 e9a9 | 0000 0041 | 8b40 0841 
  0x000001efa4381e90: ba00 0000 | 3849 03c2 | 483b 83e0 | 0000 0075 | 0d48 8383 | e800 0000 | 01e9 6000 | 0000 483b 
  0x000001efa4381eb0: 83f0 0000 | 0075 0d48 | 8383 f800 | 0000 01e9 | 4a00 0000 | 4883 bbe0 | 0000 0000 | 7517 4889 
  0x000001efa4381ed0: 83e0 0000 | 0048 c783 | e800 0000 | 0100 0000 | e929 0000 | 0048 83bb | f000 0000 | 0075 1748 
  0x000001efa4381ef0: 8983 f000 | 0000 48c7 | 83f8 0000 | 0001 0000 | 00e9 0800 | 0000 4883 | 83d8 0000 

  0x000001efa4381f0c: ;   {metadata('java/awt/event/InputEvent')}
  0x000001efa4381f0c: 0001 48b8 | f09b 0139 | 0000 0000 | 418b 5808 | 41ba 0000 | 0038 4903 | da48 3b43 | 500f 8505 
  0x000001efa4381f2c: 0000 00e9 | 0500 0000 | 4833 f6eb | 05be 0100 | 0000 85f6 

  0x000001efa4381f40: ;   {metadata(method data for {method} {0x000001efbc12f4d0} 'dispatched' '()V' in 'java/awt/AWTEvent')}
  0x000001efa4381f40: 48be 3005 | 93bc ef01 | 0000 bf08 | 0100 0074 | 05bf 1801 | 0000 488b | 1c3e 488d | 5b01 4889 
  0x000001efa4381f60: 1c3e 0f84 | 7114 0000 

  0x000001efa4381f68: ;   {metadata(method data for {method} {0x000001efbc12f4d0} 'dispatched' '()V' in 'java/awt/AWTEvent')}
  0x000001efa4381f68: 48be 3005 | 93bc ef01 | 0000 4883 | 8628 0100 

  0x000001efa4381f78: ;   {metadata(method data for {method} {0x000001efbc112838} 'getInputEventAccessor' '()Lsun/awt/AWTAccessor$InputEventAccessor;' in 'sun/awt/AWTAccessor')}
  0x000001efa4381f78: 0001 48be | 0807 93bc | ef01 0000 | 8bbe 9000 | 0000 83c7 | 0289 be90 | 0000 0081 | e7fe ff1f 
  0x000001efa4381f98: 0085 ff0f | 84d1 1400 

  0x000001efa4381fa0: ;   {oop(a 'java/lang/Class'{0x000000071468ee90} = 'sun/awt/AWTAccessor')}
  0x000001efa4381fa0: 0048 be90 | ee68 1407 | 0000 008b | b68c 0000 | 0048 c1e6 | 0348 85f6 

  0x000001efa4381fb8: ;   {metadata(method data for {method} {0x000001efbc112838} 'getInputEventAccessor' '()Lsun/awt/AWTAccessor$InputEventAccessor;' in 'sun/awt/AWTAccessor')}
  0x000001efa4381fb8: 48bf 0807 | 93bc ef01 | 0000 bbd8 | 0000 0075 | 05bb e800 | 0000 488b | 041f 488d | 4001 4889 
  0x000001efa4381fd8: 041f 0f85 | a812 0000 

  0x000001efa4381fe0: ;   {metadata(method data for {method} {0x000001efbc112838} 'getInputEventAccessor' '()Lsun/awt/AWTAccessor$InputEventAccessor;' in 'sun/awt/AWTAccessor')}
  0x000001efa4381fe0: 48be 0807 | 93bc ef01 | 0000 4883 | 86f8 0000 

  0x000001efa4381ff0: ;   {metadata(method data for {method} {0x000001efbc114ff8} 'ensureClassInitialized' '(Ljava/lang/Class;)V' in 'sun/awt/AWTAccessor')}
  0x000001efa4381ff0: 0001 48be | a85b 78bc | ef01 0000 | 8bbe 9000 | 0000 83c7 | 0289 be90 | 0000 0081 | e7fe ff1f 
  0x000001efa4382010: 0085 ff0f | 847a 1400 

  0x000001efa4382018: ;   {metadata(method data for {method} {0x000001efbc114ff8} 'ensureClassInitialized' '(Ljava/lang/Class;)V' in 'sun/awt/AWTAccessor')}
  0x000001efa4382018: 0048 bea8 | 5b78 bcef | 0100 0048 | 8386 d800 

  0x000001efa4382028: ;   {metadata(method data for {method} {0x0000000038479750} 'lookup' '()Ljava/lang/invoke/MethodHandles$Lookup;' in 'java/lang/invoke/MethodHandles')}
  0x000001efa4382028: 0000 0148 | be20 5d78 | bcef 0100 | 008b be90 | 0000 0083 | c702 89be | 9000 0000 | 81e7 feff 
  0x000001efa4382048: 1f00 85ff | 0f84 6214 

  0x000001efa4382050: ;   {metadata(method data for {method} {0x0000000038479750} 'lookup' '()Ljava/lang/invoke/MethodHandles$Lookup;' in 'java/lang/invoke/MethodHandles')}
  0x000001efa4382050: 0000 48be | 205d 78bc | ef01 0000 | 4883 86d8 | 0000 0001 

  0x000001efa4382064: ;   {static_call}
  0x000001efa4382064: 6666 90e8 

  0x000001efa4382068: ; ImmutableOopMap {[168]=Oop }
                      ;*invokestatic getCallerClass {reexecute=0 rethrow=0 return_oop=0}
                      ; - java.lang.invoke.MethodHandles::lookup@0 (line 125)
                      ; - sun.awt.AWTAccessor::ensureClassInitialized@0 (line 1464)
                      ; - sun.awt.AWTAccessor::getInputEventAccessor@10 (line 963)
                      ; - java.awt.AWTEvent::dispatched@7 (line 571)
                      ; - java.awt.EventQueue::dispatchEventImpl@45 (line 726)
  0x000001efa4382068: 74d3 3907 

  0x000001efa438206c: ;   {post_call_nop}
  0x000001efa438206c: 0f1f 8400 | 6408 0001 | 4c8b c04d 

  0x000001efa4382078: ;   {metadata(method data for {method} {0x0000000038479750} 'lookup' '()Ljava/lang/invoke/MethodHandles$Lookup;' in 'java/lang/invoke/MethodHandles')}
  0x000001efa4382078: 85c0 48ba | 205d 78bc | ef01 0000 | bef8 0000 | 0074 05be | e800 0000 | 488b 3c32 | 488d 7f01 
  0x000001efa4382098: 4889 3c32 | 0f84 0d11 

  0x000001efa43820a0: ;   {metadata('java/lang/invoke/MethodHandles$Lookup')}
  0x000001efa43820a0: 0000 48ba | 20c1 2038 | 0000 0000 | 498b 87c8 | 0100 0048 | 8d78 2049 | 3bbf d801 | 0000 0f87 
  0x000001efa43820c0: 1114 0000 | 4989 bfc8 | 0100 0048 | c700 0100 | 0000 488b | ca41 ba00 | 0000 3849 | 2bca 8948 
  0x000001efa43820e0: 0848 33c9 | 8948 0c48 | 33c9 4889 | 4810 4889 | 4818 4c8b 

  0x000001efa43820f4: ;   {metadata(method data for {method} {0x0000000038479750} 'lookup' '()Ljava/lang/invoke/MethodHandles$Lookup;' in 'java/lang/invoke/MethodHandles')}
  0x000001efa43820f4: c848 bf20 | 5d78 bcef | 0100 0048 | 8387 1801 

  0x000001efa4382104: ;   {metadata(method data for {method} {0x000000003847da00} '<init>' '(Ljava/lang/Class;)V' in 'java/lang/invoke/MethodHandles$Lookup')}
  0x000001efa4382104: 0000 0149 | b980 5e78 | bcef 0100 | 0041 8bb9 | 9000 0000 | 83c7 0241 | 89b9 9000 | 0000 81e7 
  0x000001efa4382124: feff 1f00 | 85ff 0f84 | b213 0000 

  0x000001efa4382130: ;   {metadata(method data for {method} {0x000000003847da00} '<init>' '(Ljava/lang/Class;)V' in 'java/lang/invoke/MethodHandles$Lookup')}
  0x000001efa4382130: 4c8b c848 | bf80 5e78 | bcef 0100 | 0048 8387 | d800 0000 

  0x000001efa4382144: ;   {oop(nullptr)}
  0x000001efa4382144: 0149 b900 | 0000 0000 | 0000 00bf | 5f00 0000 | 488b d048 | 8984 24b0 

  0x000001efa438215c: ;   {optimized virtual_call}
  0x000001efa438215c: 0000 00e8 

  0x000001efa4382160: ; ImmutableOopMap {[168]=Oop [176]=Oop }
                      ;*invokespecial <init> {reexecute=0 rethrow=0 return_oop=0}
                      ; - java.lang.invoke.MethodHandles$Lookup::<init>@5 (line 1533)
                      ; - java.lang.invoke.MethodHandles::lookup@23 (line 129)
                      ; - sun.awt.AWTAccessor::ensureClassInitialized@0 (line 1464)
                      ; - sun.awt.AWTAccessor::getInputEventAccessor@10 (line 963)
                      ; - java.awt.AWTEvent::dispatched@7 (line 571)
                      ; - java.awt.EventQueue::dispatchEventImpl@45 (line 726)
  0x000001efa4382160: 7ccc 3907 

  0x000001efa4382164: ;   {post_call_nop}
  0x000001efa4382164: 0f1f 8400 | 5c09 0002 | 488b 8424 | b000 0000 

  0x000001efa4382174: ;   {metadata(method data for {method} {0x000001efbc114ff8} 'ensureClassInitialized' '(Ljava/lang/Class;)V' in 'sun/awt/AWTAccessor')}
  0x000001efa4382174: 4c8b c048 | baa8 5b78 | bcef 0100 | 0045 8b40 | 0841 ba00 | 0000 384d | 03c2 4c3b | 82f0 0000 
  0x000001efa4382194: 0075 0d48 | 8382 f800 | 0000 01e9 | 6000 0000 | 4c3b 8200 | 0100 0075 | 0d48 8382 | 0801 0000 
  0x000001efa43821b4: 01e9 4a00 | 0000 4883 | baf0 0000 | 0000 7517 | 4c89 82f0 | 0000 0048 | c782 f800 | 0000 0100 
  0x000001efa43821d4: 0000 e929 | 0000 0048 | 83ba 0001 | 0000 0075 | 174c 8982 | 0001 0000 | 48c7 8208 | 0100 0001 
  0x000001efa43821f4: 0000 00e9 | 0800 0000 | 4883 82e8 | 0000 0001 

  0x000001efa4382204: ;   {oop(a 'java/lang/Class'{0x00000007146cf490} = 'java/awt/event/InputEvent')}
  0x000001efa4382204: 49b8 90f4 | 6c14 0700 | 0000 488b | d066 0f1f 

  0x000001efa4382214: ;   {optimized virtual_call}
  0x000001efa4382214: 4400 00e8 

  0x000001efa4382218: ; ImmutableOopMap {[168]=Oop }
                      ;*invokevirtual ensureInitialized {reexecute=0 rethrow=0 return_oop=0}
                      ; - sun.awt.AWTAccessor::ensureClassInitialized@4 (line 1464)
                      ; - sun.awt.AWTAccessor::getInputEventAccessor@10 (line 963)
                      ; - java.awt.AWTEvent::dispatched@7 (line 571)
                      ; - java.awt.EventQueue::dispatchEventImpl@45 (line 726)
  0x000001efa4382218: c4cb 3907 

  0x000001efa438221c: ;   {post_call_nop}
  0x000001efa438221c: 0f1f 8400 | 140a 0003 

  0x000001efa4382224: ;   {metadata(method data for {method} {0x000001efbc114ff8} 'ensureClassInitialized' '(Ljava/lang/Class;)V' in 'sun/awt/AWTAccessor')}
  0x000001efa4382224: 48ba a85b | 78bc ef01 | 0000 ff82 | 1801 0000 | e93b 1000 | 004d 85c9 

  0x000001efa438223c: ;   {metadata(method data for {method} {0x000001efbc28b730} 'dispatchEventImpl' '(Ljava/awt/AWTEvent;Ljava/lang/Object;)V' in 'java/awt/EventQueue')}
  0x000001efa438223c: 48bb 70fd | 92bc ef01 | 0000 750c | 808b c102 | 0000 01e9 | a800 0000 | 418b 4108 | 41ba 0000 
  0x000001efa438225c: 0038 4903 | c248 3b83 | d002 0000 | 750d 4883 | 83d8 0200 | 0001 e960 | 0000 0048 | 3b83 e002 
  0x000001efa438227c: 0000 750d | 4883 83e8 | 0200 0001 | e94a 0000 | 0048 83bb | d002 0000 | 0075 1748 | 8983 d002 
  0x000001efa438229c: 0000 48c7 | 83d8 0200 | 0001 0000 | 00e9 2900 | 0000 4883 | bbe0 0200 | 0000 7517 | 4889 83e0 
  0x000001efa43822bc: 0200 0048 | c783 e802 | 0000 0100 | 0000 e908 | 0000 0048 | 8383 c802 

  0x000001efa43822d4: ;   {metadata('java/awt/MenuComponent')}
  0x000001efa43822d4: 0000 0148 | b810 0212 | 3900 0000 | 0041 8b79 | 0841 ba00 | 0000 3849 | 03fa 483b | c70f 8505 
  0x000001efa43822f4: 0000 00e9 | 0500 0000 | 4833 f6eb | 05be 0100 | 0000 85f6 

  0x000001efa4382308: ;   {metadata(method data for {method} {0x000001efbc28b730} 'dispatchEventImpl' '(Ljava/awt/AWTEvent;Ljava/lang/Object;)V' in 'java/awt/EventQueue')}
  0x000001efa4382308: 48be 70fd | 92bc ef01 | 0000 bf08 | 0300 0075 | 05bf f802 | 0000 488b | 1c3e 488d | 5b01 4889 
  0x000001efa4382328: 1c3e 0f85 | 000b 0000 

  0x000001efa4382330: ;   {metadata(method data for {method} {0x000001efbc28b730} 'dispatchEventImpl' '(Ljava/awt/AWTEvent;Ljava/lang/Object;)V' in 'java/awt/EventQueue')}
  0x000001efa4382330: 4d85 c948 | bb70 fd92 | bcef 0100 | 0075 0c80 | 8b89 0300 | 0001 e9d1 | 0000 0041 | 8b41 0841 
  0x000001efa4382350: ba00 0000 | 3849 03c2 | 483b 8398 | 0300 0075 | 0d48 8383 | a003 0000 | 01e9 6000 | 0000 483b 
  0x000001efa4382370: 83a8 0300 | 0075 0d48 | 8383 b003 | 0000 01e9 | 4a00 0000 | 4883 bb98 | 0300 0000 | 7517 4889 
  0x000001efa4382390: 8398 0300 | 0048 c783 | a003 0000 | 0100 0000 | e929 0000 | 0048 83bb | a803 0000 | 0075 1748 
  0x000001efa43823b0: 8983 a803 | 0000 48c7 | 83b0 0300 | 0001 0000 | 00e9 0800 | 0000 4883 | 8390 0300 | 0001 6690 
  0x000001efa43823d0: ;   {other}
  0x000001efa43823d0: e93d 1100 | 0000 0000 | 0000 418b | 5908 41ba | 0000 0038 | 4903 da48 | 3bd8 0f84 | 3100 0000 
  0x000001efa43823f0: 8b78 1448 | 3b04 3b0f | 8424 0000 | 0083 ff20 | 0f85 1600 | 0000 5350 

  0x000001efa4382408: ;   {runtime_call C1 Runtime slow_subtype_check_blob}
  0x000001efa4382408: e853 a746 | 075b 5885 | c00f 8405 | 0000 00e9 | 0500 0000 | 4833 f6eb | 05be 0100 | 0000 85f6 
  0x000001efa4382428: ;   {metadata(method data for {method} {0x000001efbc28b730} 'dispatchEventImpl' '(Ljava/awt/AWTEvent;Ljava/lang/Object;)V' in 'java/awt/EventQueue')}
  0x000001efa4382428: 48be 70fd | 92bc ef01 | 0000 bfd0 | 0300 0075 | 05bf c003 | 0000 488b | 1c3e 488d | 5b01 4889 
  0x000001efa4382448: 1c3e 0f85 | aa08 0000 

  0x000001efa4382450: ;   {metadata(method data for {method} {0x000001efbc28b730} 'dispatchEventImpl' '(Ljava/awt/AWTEvent;Ljava/lang/Object;)V' in 'java/awt/EventQueue')}
  0x000001efa4382450: 4d85 c948 | bb70 fd92 | bcef 0100 | 0075 0c80 | 8b51 0400 | 0001 e9a8 | 0000 0041 | 8b41 0841 
  0x000001efa4382470: ba00 0000 | 3849 03c2 | 483b 8360 | 0400 0075 | 0d48 8383 | 6804 0000 | 01e9 6000 | 0000 483b 
  0x000001efa4382490: 8370 0400 | 0075 0d48 | 8383 7804 | 0000 01e9 | 4a00 0000 | 4883 bb60 | 0400 0000 | 7517 4889 
  0x000001efa43824b0: 8360 0400 | 0048 c783 | 6804 0000 | 0100 0000 | e929 0000 | 0048 83bb | 7004 0000 | 0075 1748 
  0x000001efa43824d0: 8983 7004 | 0000 48c7 | 8378 0400 | 0001 0000 | 00e9 0800 | 0000 4883 | 8358 0400 

  0x000001efa43824ec: ;   {metadata('sun/awt/AWTAutoShutdown')}
  0x000001efa43824ec: 0001 48b8 | 188a 0339 | 0000 0000 | 418b 7908 | 41ba 0000 | 0038 4903 | fa48 3bc7 | 0f85 0500 
  0x000001efa438250c: 0000 e905 | 0000 0048 | 33f6 eb05 | be01 0000 

  0x000001efa438251c: ;   {metadata(method data for {method} {0x000001efbc28b730} 'dispatchEventImpl' '(Ljava/awt/AWTEvent;Ljava/lang/Object;)V' in 'java/awt/EventQueue')}
  0x000001efa438251c: 0085 f648 | be70 fd92 | bcef 0100 | 00bf 8804 | 0000 7405 | bf98 0400 | 0048 8b1c | 3e48 8d5b 
  0x000001efa438253c: 0148 891c | 3e0f 8444 | 0100 0048 

  0x000001efa4382548: ;   {metadata(method data for {method} {0x000001efbc28b730} 'dispatchEventImpl' '(Ljava/awt/AWTEvent;Ljava/lang/Object;)V' in 'java/awt/EventQueue')}
  0x000001efa4382548: 8bf2 48bf | 70fd 92bc | ef01 0000 | 4883 87a8 | 0400 0001 

  0x000001efa438255c: ;   {metadata(method data for {method} {0x000001efbc28ad68} 'noEvents' '()Z' in 'java/awt/EventQueue')}
  0x000001efa438255c: 48be 5009 | 93bc ef01 | 0000 8bbe | 9000 0000 | 83c7 0289 | be90 0000 | 0081 e7fe | ff1f 0085 
  0x000001efa438257c: ff0f 8499 | 0f00 00be | 0000 0000 | e990 0000 | 0066 6690 | 8b7a 2048 | c1e7 033b | 770c 0f83 
  0x000001efa438259c: a70f 0000 | 4863 de8b | 7c9f 1048 | c1e7 038b | 7f0c 48c1 | e703 4885 

  0x000001efa43825b4: ;   {metadata(method data for {method} {0x000001efbc28ad68} 'noEvents' '()Z' in 'java/awt/EventQueue')}
  0x000001efa43825b4: ff48 bf50 | 0993 bcef | 0100 00bb | 0801 0000 | 7505 bbf8 | 0000 0048 | 8b04 1f48 | 8d40 0148 
  0x000001efa43825d4: 8904 1f0f | 8570 0000 

  0x000001efa43825dc: ;   {metadata(method data for {method} {0x000001efbc28ad68} 'noEvents' '()Z' in 'java/awt/EventQueue')}
  0x000001efa43825dc: 00ff c648 | bf50 0993 | bcef 0100 | 008b 9f94 | 0000 0083 | c302 899f | 9400 0000 | 81e3 fe3f 
  0x000001efa43825fc: 0000 85db | 0f84 540f | 0000 4d8b 

  0x000001efa4382608: ; ImmutableOopMap {rdx=Oop }
                      ;*goto {reexecute=1 rethrow=0 return_oop=0}
                      ; - (reexecute) java.awt.EventQueue::noEvents@24 (line 520)
                      ; - java.awt.EventQueue::dispatchEventImpl@95 (line 732)
                      ;   {poll}
  0x000001efa4382608: 5730 4185 

  0x000001efa438260c: ;   {metadata(method data for {method} {0x000001efbc28ad68} 'noEvents' '()Z' in 'java/awt/EventQueue')}
  0x000001efa438260c: 0248 bf50 | 0993 bcef | 0100 00ff | 8718 0100 | 0083 fe04 

  0x000001efa4382620: ;   {metadata(method data for {method} {0x000001efbc28ad68} 'noEvents' '()Z' in 'java/awt/EventQueue')}
  0x000001efa4382620: 48bf 5009 | 93bc ef01 | 0000 bbd8 | 0000 007d | 05bb e800 | 0000 488b | 041f 488d | 4001 4889 
  0x000001efa4382640: 041f 0f8d | 0f00 0000 | e943 ffff | ffbe 0000 | 0000 e905 | 0000 00be | 0100 0000 

  0x000001efa438265c: ;   {metadata(method data for {method} {0x000001efbc28b730} 'dispatchEventImpl' '(Ljava/awt/AWTEvent;Ljava/lang/Object;)V' in 'java/awt/EventQueue')}
  0x000001efa438265c: 85f6 48be | 70fd 92bc | ef01 0000 | bfd8 0400 | 0074 05bf | e804 0000 | 488b 1c3e | 488d 5b01 
  0x000001efa438267c: 4889 1c3e | 0f84 630d | 0000 e9e4 

  0x000001efa4382688: ;   {metadata(method data for {method} {0x000001efbc28b730} 'dispatchEventImpl' '(Ljava/awt/AWTEvent;Ljava/lang/Object;)V' in 'java/awt/EventQueue')}
  0x000001efa4382688: 0500 0048 | ba70 fd92 | bcef 0100 | 0048 8382 | 4005 0000 

  0x000001efa438269c: ;   {metadata(method data for {method} {0x000001efbc289b38} 'getEventLog' '()Lsun/util/logging/PlatformLogger;' in 'java/awt/EventQueue')}
  0x000001efa438269c: 0148 bac0 | 0b93 bcef | 0100 008b | b290 0000 | 0083 c602 | 89b2 9000 | 0000 81e6 | feff 1f00 
  0x000001efa43826bc: 85f6 0f84 | b70e 0000 

  0x000001efa43826c4: ;   {oop(a 'java/lang/Class'{0x00000007144410d8} = 'java/awt/EventQueue')}
  0x000001efa43826c4: 48ba d810 | 4414 0700 | 0000 8b92 | 8000 0000 | 48c1 e203 

  0x000001efa43826d8: ;   {metadata(method data for {method} {0x000001efbc289b38} 'getEventLog' '()Lsun/util/logging/PlatformLogger;' in 'java/awt/EventQueue')}
  0x000001efa43826d8: 4885 d248 | bac0 0b93 | bcef 0100 | 00be d800 | 0000 7505 | bee8 0000 | 0048 8b3c | 3248 8d7f 
  0x000001efa43826f8: 0148 893c | 320f 8568 

  0x000001efa4382700: ;   {metadata(method data for {method} {0x000001efbc289b38} 'getEventLog' '()Lsun/util/logging/PlatformLogger;' in 'java/awt/EventQueue')}
  0x000001efa4382700: 0000 0048 | bac0 0b93 | bcef 0100 | 0048 8382 | f800 0000 

  0x000001efa4382714: ;   {oop("java.awt.event.EventQueue"{0x00000007146f60c8})}
  0x000001efa4382714: 0148 bac8 | 606f 1407 

  0x000001efa438271c: ;   {static_call}
  0x000001efa438271c: 0000 00e8 

  0x000001efa4382720: ; ImmutableOopMap {[168]=Oop }
                      ;*invokestatic getLogger {reexecute=0 rethrow=0 return_oop=0}
                      ; - java.awt.EventQueue::getEventLog@8 (line 181)
                      ; - java.awt.EventQueue::dispatchEventImpl@111 (line 736)
  0x000001efa4382720: bccc 3907 

  0x000001efa4382724: ;   {post_call_nop}
  0x000001efa4382724: 0f1f 8400 | 1c0f 0005 

  0x000001efa438272c: ;   {oop(a 'java/lang/Class'{0x00000007144410d8} = 'java/awt/EventQueue')}
  0x000001efa438272c: 49b8 d810 | 4414 0700 | 0000 410f | be57 4885 | d20f 8559 | 0e00 004c | 8bd0 49c1 | ea03 4589 
  0x000001efa438274c: 9080 0000 | 00f0 8344 | 24c0 0049 | 8bd0 4833 | d048 c1ea | 1548 83fa | 000f 8554 

  0x000001efa4382768: ;   {oop(a 'java/lang/Class'{0x00000007144410d8} = 'java/awt/EventQueue')}
  0x000001efa4382768: 0e00 0049 | b8d8 1044 | 1407 0000 | 0045 8b80 | 8000 0000 | 49c1 e003 

  0x000001efa4382780: ; implicit exception: dispatches to 0x000001efa43835d7
  0x000001efa4382780: 493b 0049 

  0x000001efa4382784: ;   {metadata(method data for {method} {0x000001efbc28b730} 'dispatchEventImpl' '(Ljava/awt/AWTEvent;Ljava/lang/Object;)V' in 'java/awt/EventQueue')}
  0x000001efa4382784: 8bd0 48be | 70fd 92bc | ef01 0000 

  0x000001efa4382790: ;   {metadata('sun/util/logging/PlatformLogger')}
  0x000001efa4382790: 49ba b047 | 0139 0000 | 0000 4c89 | 9658 0500 | 0048 8386 | 6005 0000 

  0x000001efa43827a8: ;   {metadata(method data for {method} {0x000001efbc0f98d0} 'isLoggable' '(Lsun/util/logging/PlatformLogger$Level;)Z' in 'sun/util/logging/PlatformLogger')}
  0x000001efa43827a8: 0148 ba88 | a047 bcef | 0100 008b | b290 0000 | 0083 c602 | 89b2 9000 | 0000 81e6 | feff 1f00 
  0x000001efa43827c8: 85f6 0f84 | 0c0e 0000 

  0x000001efa43827d0: ;   {metadata(method data for {method} {0x000001efbc0f98d0} 'isLoggable' '(Lsun/util/logging/PlatformLogger$Level;)Z' in 'sun/util/logging/PlatformLogger')}
  0x000001efa43827d0: 48ba 88a0 | 47bc ef01 | 0000 ff82 | d800 0000 | 418b 500c | 48c1 e203 

  0x000001efa43827e8: ; implicit exception: dispatches to 0x000001efa43835fd
  0x000001efa43827e8: 483b 024c 

  0x000001efa43827ec: ;   {metadata(method data for {method} {0x000001efbc0f98d0} 'isLoggable' '(Lsun/util/logging/PlatformLogger$Level;)Z' in 'sun/util/logging/PlatformLogger')}
  0x000001efa43827ec: 8bc2 48be | 88a0 47bc | ef01 0000 | 458b 4008 | 41ba 0000 | 0038 4d03 | c24c 3b86 | 1001 0000 
  0x000001efa438280c: 750d 4883 | 8618 0100 | 0001 e960 | 0000 004c | 3b86 2001 | 0000 750d | 4883 8628 | 0100 0001 
  0x000001efa438282c: e94a 0000 | 0048 83be | 1001 0000 | 0075 174c | 8986 1001 | 0000 48c7 | 8618 0100 | 0001 0000 
  0x000001efa438284c: 00e9 2900 | 0000 4883 | be20 0100 | 0000 7517 | 4c89 8620 | 0100 0048 | c786 2801 | 0000 0100 
  0x000001efa438286c: 0000 e908 | 0000 0048 | 8386 0801 

  0x000001efa4382878: ;   {oop(a 'sun/util/logging/PlatformLogger$Level'{0x0000000714687130})}
  0x000001efa4382878: 0000 0149 | b830 7168 | 1407 0000 | 0048 b818 | 71e8 bbef 

  0x000001efa438288c: ;   {virtual_call}
  0x000001efa438288c: 0100 00e8 

  0x000001efa4382890: ; ImmutableOopMap {[168]=Oop }
                      ;*invokeinterface isLoggable {reexecute=0 rethrow=0 return_oop=0}
                      ; - sun.util.logging.PlatformLogger::isLoggable@17 (line 340)
                      ; - java.awt.EventQueue::dispatchEventImpl@117 (line 736)
  0x000001efa4382890: 4cc8 3907 

  0x000001efa4382894: ;   {post_call_nop}
  0x000001efa4382894: 0f1f 8400 | 8c10 0006 | 83e0 0185 

  0x000001efa43828a0: ;   {metadata(method data for {method} {0x000001efbc28b730} 'dispatchEventImpl' '(Ljava/awt/AWTEvent;Ljava/lang/Object;)V' in 'java/awt/EventQueue')}
  0x000001efa43828a0: c048 ba70 | fd92 bcef | 0100 00be | 8005 0000 | 7405 be90 | 0500 0048 | 8b3c 3248 | 8d7f 0148 
  0x000001efa43828c0: 893c 320f | 8420 0b00 

  0x000001efa43828c8: ;   {metadata(method data for {method} {0x000001efbc28b730} 'dispatchEventImpl' '(Ljava/awt/AWTEvent;Ljava/lang/Object;)V' in 'java/awt/EventQueue')}
  0x000001efa43828c8: 0048 ba70 | fd92 bcef | 0100 0048 | 8382 a005 

  0x000001efa43828d8: ;   {metadata(method data for {method} {0x000001efbc289b38} 'getEventLog' '()Lsun/util/logging/PlatformLogger;' in 'java/awt/EventQueue')}
  0x000001efa43828d8: 0000 0148 | bac0 0b93 | bcef 0100 | 008b b290 | 0000 0083 | c602 89b2 | 9000 0000 | 81e6 feff 
  0x000001efa43828f8: 1f00 85f6 | 0f84 000d 

  0x000001efa4382900: ;   {oop(a 'java/lang/Class'{0x00000007144410d8} = 'java/awt/EventQueue')}
  0x000001efa4382900: 0000 48ba | d810 4414 | 0700 0000 | 8b92 8000 | 0000 48c1 | e203 4885 

  0x000001efa4382918: ;   {metadata(method data for {method} {0x000001efbc289b38} 'getEventLog' '()Lsun/util/logging/PlatformLogger;' in 'java/awt/EventQueue')}
  0x000001efa4382918: d248 bac0 | 0b93 bcef | 0100 00be | d800 0000 | 7505 bee8 | 0000 0048 | 8b3c 3248 | 8d7f 0148 
  0x000001efa4382938: 893c 320f | 856a 0000 

  0x000001efa4382940: ;   {metadata(method data for {method} {0x000001efbc289b38} 'getEventLog' '()Lsun/util/logging/PlatformLogger;' in 'java/awt/EventQueue')}
  0x000001efa4382940: 0048 bac0 | 0b93 bcef | 0100 0048 | 8382 f800 

  0x000001efa4382950: ;   {oop("java.awt.event.EventQueue"{0x00000007146f60c8})}
  0x000001efa4382950: 0000 0148 | bac8 606f | 1407 0000 

  0x000001efa438295c: ;   {static_call}
  0x000001efa438295c: 0066 90e8 

  0x000001efa4382960: ; ImmutableOopMap {[168]=Oop }
                      ;*invokestatic getLogger {reexecute=0 rethrow=0 return_oop=0}
                      ; - java.awt.EventQueue::getEventLog@8 (line 181)
                      ; - java.awt.EventQueue::dispatchEventImpl@123 (line 737)
  0x000001efa4382960: 7cca 3907 

  0x000001efa4382964: ;   {post_call_nop}
  0x000001efa4382964: 0f1f 8400 | 5c11 0007 

  0x000001efa438296c: ;   {oop(a 'java/lang/Class'{0x00000007144410d8} = 'java/awt/EventQueue')}
  0x000001efa438296c: 48ba d810 | 4414 0700 | 0000 410f | be77 4885 | f60f 85a0 | 0c00 004c | 8bd0 49c1 | ea03 4489 
  0x000001efa438298c: 9280 0000 | 00f0 8344 | 24c0 0048 | 8bf2 4833 | f048 c1ee | 1548 83fe | 000f 859a 

  0x000001efa43829a8: ;   {oop(a 'java/lang/Class'{0x00000007144410d8} = 'java/awt/EventQueue')}
  0x000001efa43829a8: 0c00 0048 | bad8 1044 | 1407 0000 | 008b b280 | 0000 0048 | c1e6 0348 | 89b4 24b8 | 0000 004c 
  0x000001efa43829c8: 8b84 24a8 

  0x000001efa43829cc: ;   {metadata(method data for {method} {0x000001efbc28b730} 'dispatchEventImpl' '(Ljava/awt/AWTEvent;Ljava/lang/Object;)V' in 'java/awt/EventQueue')}
  0x000001efa43829cc: 0000 0048 | ba70 fd92 | bcef 0100 | 0048 8382 | b005 0000 

  0x000001efa43829e0: ;   {metadata(method data for {method} {0x00000000384b09b0} 'valueOf' '(Ljava/lang/Object;)Ljava/lang/String;' in 'java/lang/String')}
  0x000001efa43829e0: 0148 baa0 | 0b2e bcef | 0100 008b | ba90 0000 | 0083 c702 | 89ba 9000 | 0000 81e7 | feff 1f00 
  0x000001efa4382a00: 85ff 0f84 | 550c 0000 

  0x000001efa4382a08: ;   {metadata(method data for {method} {0x00000000384b09b0} 'valueOf' '(Ljava/lang/Object;)Ljava/lang/String;' in 'java/lang/String')}
  0x000001efa4382a08: 4d85 c048 | baa0 0b2e | bcef 0100 | 00bf d800 | 0000 7505 | bfe8 0000 | 0048 8b1c | 3a48 8d5b 
  0x000001efa4382a28: 0148 891c | 3a0f 851f 

  0x000001efa4382a30: ;   {metadata(method data for {method} {0x00000000384b09b0} 'valueOf' '(Ljava/lang/Object;)Ljava/lang/String;' in 'java/lang/String')}
  0x000001efa4382a30: 0000 0048 | baa0 0b2e | bcef 0100 | 00ff 82f8 

  0x000001efa4382a40: ;   {oop("null"{0x00000007ffe3a5f0})}
  0x000001efa4382a40: 0000 0048 | bff0 a5e3 | ff07 0000 | 00e9 a500 | 0000 498b 

  0x000001efa4382a54: ;   {metadata(method data for {method} {0x00000000384b09b0} 'valueOf' '(Ljava/lang/Object;)Ljava/lang/String;' in 'java/lang/String')}
  0x000001efa4382a54: d048 bfa0 | 0b2e bcef | 0100 008b | 5208 41ba | 0000 0038 | 4903 d248 | 3b97 1801 | 0000 750d 
  0x000001efa4382a74: 4883 8720 | 0100 0001 | e960 0000 | 0048 3b97 | 2801 0000 | 750d 4883 | 8730 0100 | 0001 e94a 
  0x000001efa4382a94: 0000 0048 | 83bf 1801 | 0000 0075 | 1748 8997 | 1801 0000 | 48c7 8720 | 0100 0001 | 0000 00e9 
  0x000001efa4382ab4: 2900 0000 | 4883 bf28 | 0100 0000 | 7517 4889 | 9728 0100 | 0048 c787 | 3001 0000 | 0100 0000 
  0x000001efa4382ad4: e908 0000 | 0048 8387 | 1001 0000 | 0149 8bd0 

  0x000001efa4382ae4: ;   {optimized virtual_call}
  0x000001efa4382ae4: 6666 90e8 

  0x000001efa4382ae8: ; ImmutableOopMap {[184]=Oop }
                      ;*invokevirtual toString {reexecute=0 rethrow=0 return_oop=0}
                      ; - java.lang.String::valueOf@11 (line 4530)
                      ; - java.awt.EventQueue::dispatchEventImpl@127 (line 737)
  0x000001efa4382ae8: f4c2 3907 

  0x000001efa4382aec: ;   {post_call_nop}
  0x000001efa4382aec: 0f1f 8400 | e412 0008 | 488b f890 

  0x000001efa4382af8: ;   {other}
  0x000001efa4382af8: e990 0b00 | 0090 9090 | 9090 488b 

  0x000001efa4382b04: ;   {static_call}
  0x000001efa4382b04: d766 90e8 

  0x000001efa4382b08: ; ImmutableOopMap {[184]=Oop }
                      ;*invokedynamic {reexecute=0 rethrow=0 return_oop=0}
                      ; - java.awt.EventQueue::dispatchEventImpl@130 (line 737)
  0x000001efa4382b08: d4c8 3907 

  0x000001efa4382b0c: ;   {post_call_nop}
  0x000001efa4382b0c: 0f1f 8400 | 0413 0009 

  0x000001efa4382b14: ;   {metadata(method data for {method} {0x000001efbc28b730} 'dispatchEventImpl' '(Ljava/awt/AWTEvent;Ljava/lang/Object;)V' in 'java/awt/EventQueue')}
  0x000001efa4382b14: 49b8 70fd | 92bc ef01 | 0000 4d8d | 80e0 0500 | 0048 85c0 | 750b 41f6 | 0001 7505 | f049 8308 
  0x000001efa4382b34: 0148 8bb4 | 24b8 0000 | 0048 3b06 

  0x000001efa4382b40: ;   {metadata(method data for {method} {0x000001efbc28b730} 'dispatchEventImpl' '(Ljava/awt/AWTEvent;Ljava/lang/Object;)V' in 'java/awt/EventQueue')}
  0x000001efa4382b40: 4c8b c649 | b970 fd92 | bcef 0100 

  0x000001efa4382b4c: ;   {metadata('sun/util/logging/PlatformLogger')}
  0x000001efa4382b4c: 0049 bab0 | 4701 3900 | 0000 004d | 8991 f805 | 0000 4983 | 8100 0600 

  0x000001efa4382b64: ;   {metadata(method data for {method} {0x000001efbc0fa528} 'fine' '(Ljava/lang/String;)V' in 'sun/util/logging/PlatformLogger')}
  0x000001efa4382b64: 0001 49b8 | 6013 93bc | ef01 0000 | 458b 8890 | 0000 0041 | 83c1 0245 | 8988 9000 | 0000 4181 
  0x000001efa4382b84: e1fe ff1f | 0045 85c9 | 0f84 0a0b | 0000 8b56 | 0c48 c1e2 | 0348 3b02 

  0x000001efa4382b9c: ;   {metadata(method data for {method} {0x000001efbc0fa528} 'fine' '(Ljava/lang/String;)V' in 'sun/util/logging/PlatformLogger')}
  0x000001efa4382b9c: 4c8b c249 | b960 1393 | bcef 0100 | 0045 8b40 | 0841 ba00 | 0000 384d | 03c2 4d3b | 8110 0100 
  0x000001efa4382bbc: 0075 0d49 | 8381 1801 | 0000 01e9 | 6000 0000 | 4d3b 8120 | 0100 0075 | 0d49 8381 | 2801 0000 
  0x000001efa4382bdc: 01e9 4a00 | 0000 4983 | b910 0100 | 0000 7517 | 4d89 8110 | 0100 0049 | c781 1801 | 0000 0100 
  0x000001efa4382bfc: 0000 e929 | 0000 0049 | 83b9 2001 | 0000 0075 | 174d 8981 | 2001 0000 | 49c7 8128 | 0100 0001 
  0x000001efa4382c1c: 0000 00e9 | 0800 0000 | 4983 8108 | 0100 0001 

  0x000001efa4382c2c: ;   {oop(a 'sun/util/logging/PlatformLogger$Level'{0x0000000714687130})}
  0x000001efa4382c2c: 49b8 3071 | 6814 0700 | 0000 4c8b 

  0x000001efa4382c38: ;   {oop(nullptr)}
  0x000001efa4382c38: c848 bf00 | 0000 0000 | 0000 0066 | 9048 b840 | 71e8 bbef 

  0x000001efa4382c4c: ;   {virtual_call}
  0x000001efa4382c4c: 0100 00e8 

  0x000001efa4382c50: ; ImmutableOopMap {}
                      ;*invokeinterface log {reexecute=0 rethrow=0 return_oop=0}
                      ; - sun.util.logging.PlatformLogger::fine@12 (line 449)
                      ; - java.awt.EventQueue::dispatchEventImpl@135 (line 737)
  0x000001efa4382c50: 8cc4 3907 

  0x000001efa4382c54: ;   {post_call_nop}
  0x000001efa4382c54: 0f1f 8400 | 4c14 000a | 4881 c4d0 | 0000 005d 

  0x000001efa4382c64: ;   {poll_return}
  0x000001efa4382c64: 493b 6728 | 0f87 540a | 0000 c344 | 8b42 3449 | c1e0 0349 | 3b00 498b 

  0x000001efa4382c7c: ;   {metadata(method data for {method} {0x000001efbc28b730} 'dispatchEventImpl' '(Ljava/awt/AWTEvent;Ljava/lang/Object;)V' in 'java/awt/EventQueue')}
  0x000001efa4382c7c: d048 be70 | fd92 bcef 

  0x000001efa4382c84: ;   {metadata('java/awt/EventDispatchThread')}
  0x000001efa4382c84: 0100 0049 | ba60 260b | 3900 0000 | 004c 8996 | 0005 0000 | 4883 8608 | 0500 0001 

  0x000001efa4382ca0: ;   {metadata(method data for {method} {0x000001efbc4c1eb0} 'stopDispatching' '()V' in 'java/awt/EventDispatchThread')}
  0x000001efa4382ca0: 48ba c00a | 93bc ef01 | 0000 8bb2 | 9000 0000 | 83c6 0289 | b290 0000 | 0081 e6fe | ff1f 0085 
  0x000001efa4382cc0: f60f 8416 | 0a00 00ba | 0000 0000 | 4188 5078 | f083 4424 

  0x000001efa4382cd4: ;   {metadata(method data for {method} {0x000001efbc28b730} 'dispatchEventImpl' '(Ljava/awt/AWTEvent;Ljava/lang/Object;)V' in 'java/awt/EventQueue')}
  0x000001efa4382cd4: c000 49b8 | 70fd 92bc | ef01 0000 | 41ff 8028 | 0500 0048 | 81c4 d000 

  0x000001efa4382cec: ;   {poll_return}
  0x000001efa4382cec: 0000 5d49 | 3b67 280f | 8705 0a00 | 00c3 4c8b | 8424 a800 | 0000 4d85 

  0x000001efa4382d04: ;   {metadata(method data for {method} {0x000001efbc28b730} 'dispatchEventImpl' '(Ljava/awt/AWTEvent;Ljava/lang/Object;)V' in 'java/awt/EventQueue')}
  0x000001efa4382d04: c948 bf70 | fd92 bcef | 0100 0075 | 0c80 8fd9 | 0300 0001 | e9cf 0000 | 0041 8b59 | 0841 ba00 
  0x000001efa4382d24: 0000 3849 | 03da 483b | 9fe8 0300 | 0075 0d48 | 8387 f003 | 0000 01e9 | 6000 0000 | 483b 9ff8 
  0x000001efa4382d44: 0300 0075 | 0d48 8387 | 0004 0000 | 01e9 4a00 | 0000 4883 | bfe8 0300 | 0000 7517 | 4889 9fe8 
  0x000001efa4382d64: 0300 0048 | c787 f003 | 0000 0100 | 0000 e929 | 0000 0048 | 83bf f803 | 0000 0075 | 1748 899f 
  0x000001efa4382d84: f803 0000 | 48c7 8700 | 0400 0001 | 0000 00e9 | 0800 0000 | 4883 87e0 | 0300 0001 

  0x000001efa4382da0: ;   {other}
  0x000001efa4382da0: e97e 0900 | 0000 0000 | 0000 418b | 7908 41ba | 0000 0038 | 4903 fa48 | 3bfb 0f84 | 2c00 0000 
  0x000001efa4382dc0: 8b73 1448 | 3b1c 370f | 841f 0000 | 0083 fe20 | 0f85 5709 | 0000 5753 

  0x000001efa4382dd8: ;   {runtime_call C1 Runtime slow_subtype_check_blob}
  0x000001efa4382dd8: e883 9d46 | 075f 5b85 | db0f 8446 | 0900 00e9 | 0000 0000 | 498b d166 | 0f1f 4400 | 0048 b868 
  0x000001efa4382df8: 71e8 bbef 

  0x000001efa4382dfc: ;   {virtual_call}
  0x000001efa4382dfc: 0100 00e8 

  0x000001efa4382e00: ; ImmutableOopMap {}
                      ;*invokevirtual dispatchEvent {reexecute=0 rethrow=0 return_oop=0}
                      ; - java.awt.EventQueue::dispatchEventImpl@81 (line 730)
  0x000001efa4382e00: dcc2 3907 

  0x000001efa4382e04: ;   {post_call_nop}
  0x000001efa4382e04: 0f1f 8400 | fc15 000b 

  0x000001efa4382e0c: ;   {metadata(method data for {method} {0x000001efbc28b730} 'dispatchEventImpl' '(Ljava/awt/AWTEvent;Ljava/lang/Object;)V' in 'java/awt/EventQueue')}
  0x000001efa4382e0c: 49b8 70fd | 92bc ef01 | 0000 41ff | 8040 0400 | 0048 81c4 | d000 0000 

  0x000001efa4382e24: ;   {poll_return}
  0x000001efa4382e24: 5d49 3b67 | 280f 8707 | 0900 00c3 | 4c8b 8424 | a800 0000 

  0x000001efa4382e38: ;   {metadata(method data for {method} {0x000001efbc28b730} 'dispatchEventImpl' '(Ljava/awt/AWTEvent;Ljava/lang/Object;)V' in 'java/awt/EventQueue')}
  0x000001efa4382e38: 4d85 c948 | bf70 fd92 | bcef 0100 | 0075 0c80 | 8f11 0300 | 0001 e9a8 | 0000 0041 | 8b59 0841 
  0x000001efa4382e58: ba00 0000 | 3849 03da | 483b 9f20 | 0300 0075 | 0d48 8387 | 2803 0000 | 01e9 6000 | 0000 483b 
  0x000001efa4382e78: 9f30 0300 | 0075 0d48 | 8387 3803 | 0000 01e9 | 4a00 0000 | 4883 bf20 | 0300 0000 | 7517 4889 
  0x000001efa4382e98: 9f20 0300 | 0048 c787 | 2803 0000 | 0100 0000 | e929 0000 | 0048 83bf | 3003 0000 | 0075 1748 
  0x000001efa4382eb8: 899f 3003 | 0000 48c7 | 8738 0300 | 0001 0000 | 00e9 0800 | 0000 4883 | 8718 0300 

  0x000001efa4382ed4: ;   {metadata('java/awt/MenuComponent')}
  0x000001efa4382ed4: 0001 48bb | 1002 1239 | 0000 0000 | 418b 7108 | 41ba 0000 | 0038 4903 | f248 3bde | 0f85 5608 
  0x000001efa4382ef4: 0000 e900 | 0000 0049 | 8bd1 483b | 0248 8bf2 

  0x000001efa4382f04: ;   {metadata(method data for {method} {0x000001efbc28b730} 'dispatchEventImpl' '(Ljava/awt/AWTEvent;Ljava/lang/Object;)V' in 'java/awt/EventQueue')}
  0x000001efa4382f04: 48bf 70fd | 92bc ef01 | 0000 8b76 | 0841 ba00 | 0000 3849 | 03f2 483b | b750 0300 | 0075 0d48 
  0x000001efa4382f24: 8387 5803 | 0000 01e9 | 6000 0000 | 483b b760 | 0300 0075 | 0d48 8387 | 6803 0000 | 01e9 4a00 
  0x000001efa4382f44: 0000 4883 | bf50 0300 | 0000 7517 | 4889 b750 | 0300 0048 | c787 5803 | 0000 0100 | 0000 e929 
  0x000001efa4382f64: 0000 0048 | 83bf 6003 | 0000 0075 | 1748 89b7 | 6003 0000 | 48c7 8768 | 0300 0001 | 0000 00e9 
  0x000001efa4382f84: 0800 0000 | 4883 8748 | 0300 0001 | 0f1f 8000 

  0x000001efa4382f94: ;   {optimized virtual_call}
  0x000001efa4382f94: 0000 00e8 

  0x000001efa4382f98: ; ImmutableOopMap {}
                      ;*invokevirtual dispatchEvent {reexecute=0 rethrow=0 return_oop=0}
                      ; - java.awt.EventQueue::dispatchEventImpl@63 (line 728)
  0x000001efa4382f98: 44be 3907 

  0x000001efa4382f9c: ;   {post_call_nop}
  0x000001efa4382f9c: 0f1f 8400 | 9417 000c 

  0x000001efa4382fa4: ;   {metadata(method data for {method} {0x000001efbc28b730} 'dispatchEventImpl' '(Ljava/awt/AWTEvent;Ljava/lang/Object;)V' in 'java/awt/EventQueue')}
  0x000001efa4382fa4: 49b8 70fd | 92bc ef01 | 0000 41ff | 8078 0300 | 0048 81c4 | d000 0000 

  0x000001efa4382fbc: ;   {poll_return}
  0x000001efa4382fbc: 5d49 3b67 | 280f 8793 | 0700 00c3 

  0x000001efa4382fc8: ;   {metadata(method data for {method} {0x000001efbc28b730} 'dispatchEventImpl' '(Ljava/awt/AWTEvent;Ljava/lang/Object;)V' in 'java/awt/EventQueue')}
  0x000001efa4382fc8: 488b f248 | bf70 fd92 | bcef 0100 | 0048 8387 | 2801 0000 | 0149 8bf0 | 4c8b c60f 

  0x000001efa4382fe4: ;   {optimized virtual_call}
  0x000001efa4382fe4: 1f40 00e8 

  0x000001efa4382fe8: ; ImmutableOopMap {[168]=Oop }
                      ;*invokevirtual setCurrentEventAndMostRecentTimeImpl {reexecute=0 rethrow=0 return_oop=0}
                      ; - java.awt.EventQueue::dispatchEventImpl@14 (line 722)
  0x000001efa4382fe8: 34c6 ffff 

  0x000001efa4382fec: ;   {post_call_nop}
  0x000001efa4382fec: 0f1f 8400 | e417 000d | 4c8b 8424 | a800 0000 

  0x000001efa4382ffc: ;   {metadata(method data for {method} {0x000001efbc28b730} 'dispatchEventImpl' '(Ljava/awt/AWTEvent;Ljava/lang/Object;)V' in 'java/awt/EventQueue')}
  0x000001efa4382ffc: 4d85 c048 | bf70 fd92 | bcef 0100 | 0075 0c80 | 8f51 0100 | 0001 e9c3 | 0000 0041 | 8b58 0841 
  0x000001efa438301c: ba00 0000 | 3849 03da | 483b 9f60 | 0100 0075 | 0d48 8387 | 6801 0000 | 01e9 6000 | 0000 483b 
  0x000001efa438303c: 9f70 0100 | 0075 0d48 | 8387 7801 | 0000 01e9 | 4a00 0000 | 4883 bf60 | 0100 0000 | 7517 4889 
  0x000001efa438305c: 9f60 0100 | 0048 c787 | 6801 0000 | 0100 0000 | e929 0000 | 0048 83bf | 7001 0000 | 0075 1748 
  0x000001efa438307c: 899f 7001 | 0000 48c7 | 8778 0100 | 0001 0000 | 00e9 0800 | 0000 4883 | 8758 0100 

  0x000001efa4383098: ;   {metadata('java/awt/ActiveEvent')}
  0x000001efa4383098: 0001 48bb | 781d 0b39 | 0000 0000 | 418b 7808 | 41ba 0000 | 0038 4903 | fa48 3b5f | 200f 841f 
  0x000001efa43830b8: 0000 0048 | 3bfb 0f84 | 1600 0000 

  0x000001efa43830c4: ;   {runtime_call C1 Runtime slow_subtype_check_blob}
  0x000001efa43830c4: 5753 e895 | 9a46 075f | 5f85 ff0f | 849b 0600 | 00e9 0000 | 0000 498b | d048 3b02 

  0x000001efa43830e0: ;   {metadata(method data for {method} {0x000001efbc28b730} 'dispatchEventImpl' '(Ljava/awt/AWTEvent;Ljava/lang/Object;)V' in 'java/awt/EventQueue')}
  0x000001efa43830e0: 488b f248 | bf70 fd92 | bcef 0100 | 008b 7608 | 41ba 0000 | 0038 4903 | f248 3bb7 | 9001 0000 
  0x000001efa4383100: 750d 4883 | 8798 0100 | 0001 e960 | 0000 0048 | 3bb7 a001 | 0000 750d | 4883 87a8 | 0100 0001 
  0x000001efa4383120: e94a 0000 | 0048 83bf | 9001 0000 | 0075 1748 | 89b7 9001 | 0000 48c7 | 8798 0100 | 0001 0000 
  0x000001efa4383140: 00e9 2900 | 0000 4883 | bfa0 0100 | 0000 7517 | 4889 b7a0 | 0100 0048 | c787 a801 | 0000 0100 
  0x000001efa4383160: 0000 e908 | 0000 0048 | 8387 8801 | 0000 0166 | 0f1f 4400 | 0048 b890 | 71e8 bbef 

  0x000001efa438317c: ;   {virtual_call}
  0x000001efa438317c: 0100 00e8 

  0x000001efa4383180: ; ImmutableOopMap {}
                      ;*invokeinterface dispatch {reexecute=0 rethrow=0 return_oop=0}
                      ; - java.awt.EventQueue::dispatchEventImpl@21 (line 723)
  0x000001efa4383180: 0ec8 0400 

  0x000001efa4383184: ;   {post_call_nop}
  0x000001efa4383184: 0f1f 8400 | 7c19 000e 

  0x000001efa438318c: ;   {metadata(method data for {method} {0x000001efbc28b730} 'dispatchEventImpl' '(Ljava/awt/AWTEvent;Ljava/lang/Object;)V' in 'java/awt/EventQueue')}
  0x000001efa438318c: 48ba 70fd | 92bc ef01 | 0000 ff82 | b801 0000 | 4881 c4d0 | 0000 005d 

  0x000001efa43831a4: ;   {poll_return}
  0x000001efa43831a4: 493b 6728 | 0f87 d005 | 0000 c390 

  0x000001efa43831b0: ;   {other}
  0x000001efa43831b0: e9ee 0500 | 0000 0000 | 0000 80ba | 3001 0000 | 040f 85eb | 0500 0049 | 8b87 c801 | 0000 488d 
  0x000001efa43831d0: 7828 493b | bfd8 0100 | 000f 87d3 | 0500 0049 | 89bf c801 | 0000 48c7 | 0001 0000 | 0048 8bca 
  0x000001efa43831f0: 41ba 0000 | 0038 492b | ca89 4808 | 4833 c989 | 480c 4833 | c948 8948 | 1048 8948 | 1848 8948 
  0x000001efa4383210: 2048 8bd0 

  0x000001efa4383214: ;   {metadata(method data for {method} {0x0000000038479750} 'lookup' '()Ljava/lang/invoke/MethodHandles$Lookup;' in 'java/lang/invoke/MethodHandles')}
  0x000001efa4383214: 48be 205d | 78bc ef01 | 0000 4883 | 8608 0100 

  0x000001efa4383224: ;   {oop("no caller frame"{0x00000007ffe3a4d0})}
  0x000001efa4383224: 0001 49b8 | d0a4 e3ff | 0700 0000 | 488b d048 | 8984 24c0 | 0000 000f 

  0x000001efa438323c: ;   {optimized virtual_call}
  0x000001efa438323c: 1f40 00e8 

  0x000001efa4383240: ; ImmutableOopMap {[168]=Oop [192]=Oop }
                      ;*invokespecial <init> {reexecute=0 rethrow=0 return_oop=0}
                      ; - java.lang.invoke.MethodHandles::lookup@14 (line 127)
                      ; - sun.awt.AWTAccessor::ensureClassInitialized@0 (line 1464)
                      ; - sun.awt.AWTAccessor::getInputEventAccessor@10 (line 963)
                      ; - java.awt.AWTEvent::dispatched@7 (line 571)
                      ; - java.awt.EventQueue::dispatchEventImpl@45 (line 726)
  0x000001efa4383240: 9cbb 3907 

  0x000001efa4383244: ;   {post_call_nop}
  0x000001efa4383244: 0f1f 8400 | 3c1a 000f | 488b 8424 | c000 0000 | e9d2 0500 | 0049 8b87 | 8805 0000 | 4d33 d24d 
  0x000001efa4383264: 8997 8805 | 0000 4d33 | d24d 8997 | 9005 0000 

  0x000001efa4383274: ;   {oop(a 'java/lang/Class'{0x000000071468ee90} = 'sun/awt/AWTAccessor')}
  0x000001efa4383274: 48be 90ee | 6814 0700 | 0000 8bb6 | 8c00 0000 | 48c1 e603 | 4c8b 8424 | a800 0000 

  0x000001efa4383290: ;   {metadata(method data for {method} {0x000001efbc12f4d0} 'dispatched' '()V' in 'java/awt/AWTEvent')}
  0x000001efa4383290: 4d85 c048 | b830 0593 | bcef 0100 | 0075 0c80 | 8831 0100 | 0001 e9a9 | 0000 0041 | 8b50 0841 
  0x000001efa43832b0: ba00 0000 | 3849 03d2 | 483b 9040 | 0100 0075 | 0d48 8380 | 4801 0000 | 01e9 6000 | 0000 483b 
  0x000001efa43832d0: 9050 0100 | 0075 0d48 | 8380 5801 | 0000 01e9 | 4a00 0000 | 4883 b840 | 0100 0000 | 7517 4889 
  0x000001efa43832f0: 9040 0100 | 0048 c780 | 4801 0000 | 0100 0000 | e929 0000 | 0048 83b8 | 5001 0000 | 0075 1748 
  0x000001efa4383310: 8990 5001 | 0000 48c7 | 8058 0100 | 0001 0000 | 00e9 0800 | 0000 4883 | 8038 0100 

  0x000001efa438332c: ;   {metadata('java/awt/event/InputEvent')}
  0x000001efa438332c: 0001 48ba | f09b 0139 | 0000 0000 | 418b 4008 | 41ba 0000 | 0038 4903 | c248 3b50 | 500f 8570 
  0x000001efa438334c: 0400 00e9 | 0000 0000 | 498b f848 | 85f6 0f84 | 2500 0000 

  0x000001efa4383360: ;   {metadata('java/awt/event/InputEvent$1')}
  0x000001efa4383360: 48b9 28a7 | 0139 0000 | 0000 8b56 | 0841 ba00 | 0000 3849 | 03d2 483b | 4a38 0f85 | 4804 0000 
  0x000001efa4383380: e900 0000 | 0048 8bde 

  0x000001efa4383388: ; implicit exception: dispatches to 0x000001efa43837cd
                      ;   {metadata(method data for {method} {0x000001efbc12f4d0} 'dispatched' '()V' in 'java/awt/AWTEvent')}
  0x000001efa4383388: 483b 0648 | bb30 0593 | bcef 0100 

  0x000001efa4383394: ;   {metadata('java/awt/event/InputEvent$1')}
  0x000001efa4383394: 0049 ba28 | a701 3900 | 0000 004c | 8993 7001 | 0000 4883 | 8378 0100 

  0x000001efa43833ac: ;   {metadata(method data for {method} {0x000001efbc1322c0} 'setCanAccessSystemClipboard' '(Ljava/awt/event/InputEvent;Z)V' in 'java/awt/event/InputEvent$1')}
  0x000001efa43833ac: 0001 48be | 4808 93bc | ef01 0000 | 8b9e 9000 | 0000 83c3 | 0289 9e90 | 0000 0081 | e3fe ff1f 
  0x000001efa43833cc: 0085 db0f | 84fd 0300 | 00c6 4728 

  0x000001efa43833d8: ;   {metadata(method data for {method} {0x000001efbc28b730} 'dispatchEventImpl' '(Ljava/awt/AWTEvent;Ljava/lang/Object;)V' in 'java/awt/EventQueue')}
  0x000001efa43833d8: 0048 be70 | fd92 bcef | 0100 00ff | 86b0 0200 | 0048 81c4 | d000 0000 

  0x000001efa43833f0: ;   {poll_return}
  0x000001efa43833f0: 5d49 3b67 | 280f 87fd | 0300 00c3 

  0x000001efa43833fc: ;   {metadata({method} {0x000001efbc28b730} 'dispatchEventImpl' '(Ljava/awt/AWTEvent;Ljava/lang/Object;)V' in 'java/awt/EventQueue')}
  0x000001efa43833fc: 49ba 28b7 | 28bc ef01 | 0000 4c89 | 5424 0848 | c704 24ff 

  0x000001efa4383410: ;   {runtime_call C1 Runtime counter_overflow_blob}
  0x000001efa4383410: ffff ffe8 

  0x000001efa4383414: ; ImmutableOopMap {rdx=Oop r8=Oop r9=Oop [168]=Oop }
                      ;*synchronization entry
                      ; - java.awt.EventQueue::dispatchEventImpl@-1 (line 719)
  0x000001efa4383414: c8cc 4607 | e951 e5ff 

  0x000001efa438341c: ;   {runtime_call C1 Runtime throw_null_pointer_exception_blob}
  0x000001efa438341c: ffe8 3e5e 

  0x000001efa4383420: ; ImmutableOopMap {rdx=Oop r8=Oop r9=Oop [168]=Oop }
                      ;*putfield isPosted {reexecute=1 rethrow=0 return_oop=0}
                      ; - (reexecute) java.awt.EventQueue::dispatchEventImpl@2 (line 719)
  0x000001efa4383420: 4607 4c89 

  0x000001efa4383424: ;   {runtime_call C1 Runtime throw_class_cast_exception_blob}
  0x000001efa4383424: 0c24 e835 

  0x000001efa4383428: ; ImmutableOopMap {r8=Oop [168]=Oop }
                      ;*checkcast {reexecute=0 rethrow=0 return_oop=0}
                      ; - java.awt.EventQueue::dispatchEventImpl@37 (line 725)
                      ;   {runtime_call C1 Runtime throw_null_pointer_exception_blob}
  0x000001efa4383428: 8d46 07e8 

  0x000001efa438342c: ; ImmutableOopMap {r8=Oop rdx=Oop [168]=Oop }
                      ;*invokevirtual dispatchEvent {reexecute=0 rethrow=0 return_oop=0}
                      ; - java.awt.EventQueue::dispatchEventImpl@41 (line 725)
  0x000001efa438342c: 305e 4607 

  0x000001efa4383430: ;   {metadata({method} {0x000001efbc08d908} 'dispatchEvent' '(Ljava/awt/AWTEvent;)V' in 'java/awt/Component')}
  0x000001efa4383430: 49ba 00d9 | 08bc ef01 | 0000 4c89 | 5424 0848 | c704 24ff 

  0x000001efa4383444: ;   {runtime_call C1 Runtime counter_overflow_blob}
  0x000001efa4383444: ffff ffe8 

  0x000001efa4383448: ; ImmutableOopMap {r8=Oop rdx=Oop [168]=Oop }
                      ;*synchronization entry
                      ; - java.awt.Component::dispatchEvent@-1 (line 4790)
                      ; - java.awt.EventQueue::dispatchEventImpl@41 (line 725)
  0x000001efa4383448: 94cc 4607 | e9ac e8ff 

  0x000001efa4383450: ;   {metadata({method} {0x000001efbc12f4d0} 'dispatched' '()V' in 'java/awt/AWTEvent')}
  0x000001efa4383450: ff49 bac8 | f412 bcef | 0100 004c | 8954 2408 | 48c7 0424 | ffff ffff 

  0x000001efa4383468: ;   {runtime_call C1 Runtime counter_overflow_blob}
  0x000001efa4383468: e873 cc46 

  0x000001efa438346c: ; ImmutableOopMap {[168]=Oop }
                      ;*synchronization entry
                      ; - java.awt.AWTEvent::dispatched@-1 (line 570)
                      ; - java.awt.EventQueue::dispatchEventImpl@45 (line 726)
  0x000001efa438346c: 07e9 f6e9 

  0x000001efa4383470: ;   {metadata({method} {0x000001efbc112838} 'getInputEventAccessor' '()Lsun/awt/AWTAccessor$InputEventAccessor;' in 'sun/awt/AWTAccessor')}
  0x000001efa4383470: ffff 49ba | 3028 11bc | ef01 0000 | 4c89 5424 | 0848 c704 | 24ff ffff 

  0x000001efa4383488: ;   {runtime_call C1 Runtime counter_overflow_blob}
  0x000001efa4383488: ffe8 52cc 

  0x000001efa438348c: ; ImmutableOopMap {r8=Oop [168]=Oop }
                      ;*synchronization entry
                      ; - sun.awt.AWTAccessor::getInputEventAccessor@-1 (line 961)
                      ; - java.awt.AWTEvent::dispatched@7 (line 571)
                      ; - java.awt.EventQueue::dispatchEventImpl@45 (line 726)
  0x000001efa438348c: 4607 e90e 

  0x000001efa4383490: ;   {metadata({method} {0x000001efbc114ff8} 'ensureClassInitialized' '(Ljava/lang/Class;)V' in 'sun/awt/AWTAccessor')}
  0x000001efa4383490: ebff ff49 | baf0 4f11 | bcef 0100 | 004c 8954 | 2408 48c7 | 0424 ffff 

  0x000001efa43834a8: ;   {runtime_call C1 Runtime counter_overflow_blob}
  0x000001efa43834a8: ffff e831 

  0x000001efa43834ac: ; ImmutableOopMap {[168]=Oop }
                      ;*synchronization entry
                      ; - sun.awt.AWTAccessor::ensureClassInitialized@-1 (line 1464)
                      ; - sun.awt.AWTAccessor::getInputEventAccessor@10 (line 963)
                      ; - java.awt.AWTEvent::dispatched@7 (line 571)
                      ; - java.awt.EventQueue::dispatchEventImpl@45 (line 726)
  0x000001efa43834ac: cc46 07e9 | 65eb ffff 

  0x000001efa43834b4: ;   {metadata({method} {0x0000000038479750} 'lookup' '()Ljava/lang/invoke/MethodHandles$Lookup;' in 'java/lang/invoke/MethodHandles')}
  0x000001efa43834b4: 49ba 4897 | 4738 0000 | 0000 4c89 | 5424 0848 | c704 24ff 

  0x000001efa43834c8: ;   {runtime_call C1 Runtime counter_overflow_blob}
  0x000001efa43834c8: ffff ffe8 

  0x000001efa43834cc: ; ImmutableOopMap {[168]=Oop }
                      ;*synchronization entry
                      ; - java.lang.invoke.MethodHandles::lookup@-1 (line 125)
                      ; - sun.awt.AWTAccessor::ensureClassInitialized@0 (line 1464)
                      ; - sun.awt.AWTAccessor::getInputEventAccessor@10 (line 963)
                      ; - java.awt.AWTEvent::dispatched@7 (line 571)
                      ; - java.awt.EventQueue::dispatchEventImpl@45 (line 726)
  0x000001efa43834cc: 10cc 4607 | e97d ebff | ff48 8bd2 

  0x000001efa43834d8: ;   {runtime_call C1 Runtime fast_new_instance_blob}
  0x000001efa43834d8: e883 6646 

  0x000001efa43834dc: ; ImmutableOopMap {r8=Oop [168]=Oop }
                      ;*new {reexecute=0 rethrow=0 return_oop=0}
                      ; - java.lang.invoke.MethodHandles::lookup@18 (line 129)
                      ; - sun.awt.AWTAccessor::ensureClassInitialized@0 (line 1464)
                      ; - sun.awt.AWTAccessor::getInputEventAccessor@10 (line 963)
                      ; - java.awt.AWTEvent::dispatched@7 (line 571)
                      ; - java.awt.EventQueue::dispatchEventImpl@45 (line 726)
  0x000001efa43834dc: 07e9 10ec 

  0x000001efa43834e0: ;   {metadata({method} {0x000000003847da00} '<init>' '(Ljava/lang/Class;)V' in 'java/lang/invoke/MethodHandles$Lookup')}
  0x000001efa43834e0: ffff 49ba | f8d9 4738 | 0000 0000 | 4c89 5424 | 0848 c704 | 24ff ffff 

  0x000001efa43834f8: ;   {runtime_call C1 Runtime counter_overflow_blob}
  0x000001efa43834f8: ffe8 e2cb 

  0x000001efa43834fc: ; ImmutableOopMap {r8=Oop rax=Oop [168]=Oop }
                      ;*synchronization entry
                      ; - java.lang.invoke.MethodHandles$Lookup::<init>@-1 (line 1533)
                      ; - java.lang.invoke.MethodHandles::lookup@23 (line 129)
                      ; - sun.awt.AWTAccessor::ensureClassInitialized@0 (line 1464)
                      ; - sun.awt.AWTAccessor::getInputEventAccessor@10 (line 963)
                      ; - java.awt.AWTEvent::dispatched@7 (line 571)
                      ; - java.awt.EventQueue::dispatchEventImpl@45 (line 726)
  0x000001efa43834fc: 4607 e92d 

  0x000001efa4383500: ;   {metadata(nullptr)}
  0x000001efa4383500: ecff ff48 | b800 0000 | 0000 0000 | 00b8 000f 

  0x000001efa4383510: ;   {runtime_call C1 Runtime load_klass_patching_blob}
  0x000001efa4383510: 050a e849 

  0x000001efa4383514: ; ImmutableOopMap {rdx=Oop r9=Oop [168]=Oop }
                      ;*instanceof {reexecute=1 rethrow=0 return_oop=0}
                      ; - (reexecute) java.awt.EventQueue::dispatchEventImpl@70 (line 729)
  0x000001efa4383514: bb46 07e9 | b4ee ffff 

  0x000001efa438351c: ;   {metadata({method} {0x000001efbc28ad68} 'noEvents' '()Z' in 'java/awt/EventQueue')}
  0x000001efa438351c: 49ba 60ad | 28bc ef01 | 0000 4c89 | 5424 0848 | c704 24ff 

  0x000001efa4383530: ;   {runtime_call C1 Runtime counter_overflow_blob}
  0x000001efa4383530: ffff ffe8 

  0x000001efa4383534: ; ImmutableOopMap {rdx=Oop }
                      ;*synchronization entry
                      ; - java.awt.EventQueue::noEvents@-1 (line 520)
                      ; - java.awt.EventQueue::dispatchEventImpl@95 (line 732)
  0x000001efa4383534: a8cb 4607 | e946 f0ff 

  0x000001efa438353c: ;   {runtime_call C1 Runtime throw_null_pointer_exception_blob}
  0x000001efa438353c: ffe8 1e5d 

  0x000001efa4383540: ; ImmutableOopMap {rdx=Oop rdi=Oop }
                      ;*aaload {reexecute=0 rethrow=0 return_oop=0}
                      ; - java.awt.EventQueue::noEvents@12 (line 521)
                      ; - java.awt.EventQueue::dispatchEventImpl@95 (line 732)
                      ;   {runtime_call C1 Runtime throw_null_pointer_exception_blob}
  0x000001efa4383540: 4607 e819 

  0x000001efa4383544: ; ImmutableOopMap {rdx=Oop rdi=Oop }
                      ;*aaload {reexecute=0 rethrow=0 return_oop=0}
                      ; - java.awt.EventQueue::noEvents@12 (line 521)
                      ; - java.awt.EventQueue::dispatchEventImpl@95 (line 732)
  0x000001efa4383544: 5d46 0748 | 8934 2448 | 897c 2408 

  0x000001efa4383550: ;   {runtime_call C1 Runtime throw_range_check_failed_blob}
  0x000001efa4383550: e80b 5446 

  0x000001efa4383554: ; ImmutableOopMap {rdx=Oop rdi=Oop }
                      ;*aaload {reexecute=0 rethrow=0 return_oop=0}
                      ; - java.awt.EventQueue::noEvents@12 (line 521)
                      ; - java.awt.EventQueue::dispatchEventImpl@95 (line 732)
                      ;   {runtime_call C1 Runtime throw_null_pointer_exception_blob}
  0x000001efa4383554: 07e8 065d 

  0x000001efa4383558: ; ImmutableOopMap {rdx=Oop }
                      ;*getfield head {reexecute=1 rethrow=0 return_oop=0}
                      ; - (reexecute) java.awt.EventQueue::noEvents@13 (line 521)
                      ; - java.awt.EventQueue::dispatchEventImpl@95 (line 732)
                      ;   {metadata({method} {0x000001efbc28ad68} 'noEvents' '()Z' in 'java/awt/EventQueue')}
  0x000001efa4383558: 4607 49ba | 60ad 28bc | ef01 0000 | 4c89 5424 | 0848 c704 | 2418 0000 

  0x000001efa4383570: ;   {runtime_call C1 Runtime counter_overflow_blob}
  0x000001efa4383570: 00e8 6acb 

  0x000001efa4383574: ; ImmutableOopMap {rdx=Oop }
                      ;*goto {reexecute=1 rethrow=0 return_oop=0}
                      ; - (reexecute) java.awt.EventQueue::noEvents@24 (line 520)
                      ; - java.awt.EventQueue::dispatchEventImpl@95 (line 732)
  0x000001efa4383574: 4607 e98b 

  0x000001efa4383578: ;   {metadata({method} {0x000001efbc289b38} 'getEventLog' '()Lsun/util/logging/PlatformLogger;' in 'java/awt/EventQueue')}
  0x000001efa4383578: f0ff ff49 | ba30 9b28 | bcef 0100 | 004c 8954 | 2408 48c7 | 0424 ffff 

  0x000001efa4383590: ;   {runtime_call C1 Runtime counter_overflow_blob}
  0x000001efa4383590: ffff e849 

  0x000001efa4383594: ; ImmutableOopMap {[168]=Oop }
                      ;*synchronization entry
                      ; - java.awt.EventQueue::getEventLog@-1 (line 180)
                      ; - java.awt.EventQueue::dispatchEventImpl@111 (line 736)
  0x000001efa4383594: cb46 07e9 | 28f1 ffff | 418b 9080 | 0000 0048 | c1e2 0348 | 83fa 000f | 8492 f1ff | ff48 8914 
  0x000001efa43835b4: ;   {runtime_call g1_pre_barrier_slow}
  0x000001efa43835b4: 24e8 26d1 | 4607 e984 | f1ff ff48 | 83f8 000f | 84a2 f1ff | ff4c 8904 

  0x000001efa43835cc: ;   {runtime_call g1_post_barrier_slow}
  0x000001efa43835cc: 24e8 0ed4 | 4607 e994 

  0x000001efa43835d4: ;   {runtime_call C1 Runtime throw_null_pointer_exception_blob}
  0x000001efa43835d4: f1ff ffe8 

  0x000001efa43835d8: ; ImmutableOopMap {r8=Oop [168]=Oop }
                      ;*invokevirtual isLoggable {reexecute=0 rethrow=0 return_oop=0}
                      ; - java.awt.EventQueue::dispatchEventImpl@117 (line 736)
  0x000001efa43835d8: 845c 4607 

  0x000001efa43835dc: ;   {metadata({method} {0x000001efbc0f98d0} 'isLoggable' '(Lsun/util/logging/PlatformLogger$Level;)Z' in 'sun/util/logging/PlatformLogger')}
  0x000001efa43835dc: 49ba c898 | 0fbc ef01 | 0000 4c89 | 5424 0848 | c704 24ff 

  0x000001efa43835f0: ;   {runtime_call C1 Runtime counter_overflow_blob}
  0x000001efa43835f0: ffff ffe8 

  0x000001efa43835f4: ; ImmutableOopMap {r8=Oop [168]=Oop }
                      ;*synchronization entry
                      ; - sun.util.logging.PlatformLogger::isLoggable@-1 (line 336)
                      ; - java.awt.EventQueue::dispatchEventImpl@117 (line 736)
  0x000001efa43835f4: e8ca 4607 | e9d3 f1ff 

  0x000001efa43835fc: ;   {runtime_call C1 Runtime throw_null_pointer_exception_blob}
  0x000001efa43835fc: ffe8 5e5c 

  0x000001efa4383600: ; ImmutableOopMap {rdx=Oop [168]=Oop }
                      ;*invokeinterface isLoggable {reexecute=0 rethrow=0 return_oop=0}
                      ; - sun.util.logging.PlatformLogger::isLoggable@17 (line 340)
                      ; - java.awt.EventQueue::dispatchEventImpl@117 (line 736)
                      ;   {metadata({method} {0x000001efbc289b38} 'getEventLog' '()Lsun/util/logging/PlatformLogger;' in 'java/awt/EventQueue')}
  0x000001efa4383600: 4607 49ba | 309b 28bc | ef01 0000 | 4c89 5424 | 0848 c704 | 24ff ffff 

  0x000001efa4383618: ;   {runtime_call C1 Runtime counter_overflow_blob}
  0x000001efa4383618: ffe8 c2ca 

  0x000001efa438361c: ; ImmutableOopMap {[168]=Oop }
                      ;*synchronization entry
                      ; - java.awt.EventQueue::getEventLog@-1 (line 180)
                      ; - java.awt.EventQueue::dispatchEventImpl@123 (line 737)
  0x000001efa438361c: 4607 e9df | f2ff ff8b | b280 0000 | 0048 c1e6 | 0348 83fe | 000f 844c | f3ff ff48 

  0x000001efa4383638: ;   {runtime_call g1_pre_barrier_slow}
  0x000001efa4383638: 8934 24e8 | a0d0 4607 | e93e f3ff | ff48 83f8 | 000f 845c | f3ff ff48 

  0x000001efa4383650: ;   {runtime_call g1_post_barrier_slow}
  0x000001efa4383650: 8914 24e8 | 88d3 4607 | e94e f3ff 

  0x000001efa438365c: ;   {metadata({method} {0x00000000384b09b0} 'valueOf' '(Ljava/lang/Object;)Ljava/lang/String;' in 'java/lang/String')}
  0x000001efa438365c: ff49 baa8 | 094b 3800 | 0000 004c | 8954 2408 | 48c7 0424 | ffff ffff 

  0x000001efa4383674: ;   {runtime_call C1 Runtime counter_overflow_blob}
  0x000001efa4383674: e867 ca46 

  0x000001efa4383678: ; ImmutableOopMap {rsi=Oop r8=Oop [168]=Oop [184]=Oop }
                      ;*synchronization entry
                      ; - java.lang.String::valueOf@-1 (line 4530)
                      ; - java.awt.EventQueue::dispatchEventImpl@127 (line 737)
  0x000001efa4383678: 07e9 8af3 | ffff 49b8 | 0000 0000 | 0000 0000 | b800 0f05 

  0x000001efa438368c: ;   {runtime_call C1 Runtime load_appendix_patching_blob}
  0x000001efa438368c: 0ae8 cec2 

  0x000001efa4383690: ; ImmutableOopMap {rdi=Oop [184]=Oop }
                      ;*invokedynamic {reexecute=1 rethrow=0 return_oop=0}
                      ; - (reexecute) java.awt.EventQueue::dispatchEventImpl@130 (line 737)
  0x000001efa4383690: 4607 e961 

  0x000001efa4383694: ;   {runtime_call C1 Runtime throw_null_pointer_exception_blob}
  0x000001efa4383694: f4ff ffe8 

  0x000001efa4383698: ; ImmutableOopMap {rax=Oop rsi=Oop [184]=Oop }
                      ;*invokevirtual fine {reexecute=0 rethrow=0 return_oop=0}
                      ; - java.awt.EventQueue::dispatchEventImpl@135 (line 737)
  0x000001efa4383698: c45b 4607 

  0x000001efa438369c: ;   {metadata({method} {0x000001efbc0fa528} 'fine' '(Ljava/lang/String;)V' in 'sun/util/logging/PlatformLogger')}
  0x000001efa438369c: 49ba 20a5 | 0fbc ef01 | 0000 4c89 | 5424 0848 | c704 24ff 

  0x000001efa43836b0: ;   {runtime_call C1 Runtime counter_overflow_blob}
  0x000001efa43836b0: ffff ffe8 

  0x000001efa43836b4: ; ImmutableOopMap {rax=Oop rsi=Oop [184]=Oop }
                      ;*synchronization entry
                      ; - sun.util.logging.PlatformLogger::fine@-1 (line 449)
                      ; - java.awt.EventQueue::dispatchEventImpl@135 (line 737)
  0x000001efa43836b4: 28ca 4607 | e9d5 f4ff 

  0x000001efa43836bc: ;   {runtime_call C1 Runtime throw_null_pointer_exception_blob}
  0x000001efa43836bc: ffe8 9e5b 

  0x000001efa43836c0: ; ImmutableOopMap {rax=Oop rdx=Oop }
                      ;*invokeinterface log {reexecute=0 rethrow=0 return_oop=0}
                      ; - sun.util.logging.PlatformLogger::fine@12 (line 449)
                      ; - java.awt.EventQueue::dispatchEventImpl@135 (line 737)
                      ;   {internal_word}
  0x000001efa43836c0: 4607 49ba | 642c 38a4 | ef01 0000 | 4d89 97e0 

  0x000001efa43836d0: ;   {runtime_call SafepointBlob}
  0x000001efa43836d0: 0400 00e9 | 88d8 3907 

  0x000001efa43836d8: ;   {runtime_call C1 Runtime throw_null_pointer_exception_blob}
  0x000001efa43836d8: e883 5b46 

  0x000001efa43836dc: ; ImmutableOopMap {r8=Oop }
                      ;*invokevirtual stopDispatching {reexecute=0 rethrow=0 return_oop=0}
                      ; - java.awt.EventQueue::dispatchEventImpl@105 (line 733)
                      ;   {metadata({method} {0x000001efbc4c1eb0} 'stopDispatching' '()V' in 'java/awt/EventDispatchThread')}
  0x000001efa43836dc: 0749 baa8 | 1e4c bcef | 0100 004c | 8954 2408 | 48c7 0424 | ffff ffff 

  0x000001efa43836f4: ;   {runtime_call C1 Runtime counter_overflow_blob}
  0x000001efa43836f4: e8e7 c946 

  0x000001efa43836f8: ; ImmutableOopMap {r8=Oop }
                      ;*synchronization entry
                      ; - java.awt.EventDispatchThread::stopDispatching@-1 (line 85)
                      ; - java.awt.EventQueue::dispatchEventImpl@105 (line 733)
  0x000001efa43836f8: 07e9 c9f5 

  0x000001efa43836fc: ;   {internal_word}
  0x000001efa43836fc: ffff 49ba | ef2c 38a4 | ef01 0000 | 4d89 97e0 

  0x000001efa438370c: ;   {runtime_call SafepointBlob}
  0x000001efa438370c: 0400 00e9 | 4cd8 3907 

  0x000001efa4383714: ;   {metadata(nullptr)}
  0x000001efa4383714: 48bb 0000 | 0000 0000 | 0000 b800 

  0x000001efa4383720: ;   {runtime_call C1 Runtime load_klass_patching_blob}
  0x000001efa4383720: 0f05 0ae8 

  0x000001efa4383724: ; ImmutableOopMap {r9=Oop r8=Oop [168]=Oop }
                      ;*checkcast {reexecute=1 rethrow=0 return_oop=0}
                      ; - (reexecute) java.awt.EventQueue::dispatchEventImpl@77 (line 730)
  0x000001efa4383724: 38b9 4607 | e973 f6ff | ff4c 890c 

  0x000001efa4383730: ;   {runtime_call C1 Runtime throw_class_cast_exception_blob}
  0x000001efa4383730: 24e8 2a8a 

  0x000001efa4383734: ; ImmutableOopMap {r9=Oop r8=Oop [168]=Oop }
                      ;*checkcast {reexecute=0 rethrow=0 return_oop=0}
                      ; - java.awt.EventQueue::dispatchEventImpl@77 (line 730)
                      ;   {internal_word}
  0x000001efa4383734: 4607 49ba | 252e 38a4 | ef01 0000 | 4d89 97e0 

  0x000001efa4383744: ;   {runtime_call SafepointBlob}
  0x000001efa4383744: 0400 00e9 | 14d8 3907 | 4c89 0c24 

  0x000001efa4383750: ;   {runtime_call C1 Runtime throw_class_cast_exception_blob}
  0x000001efa4383750: e80b 8a46 

  0x000001efa4383754: ; ImmutableOopMap {r8=Oop [168]=Oop }
                      ;*checkcast {reexecute=0 rethrow=0 return_oop=0}
                      ; - java.awt.EventQueue::dispatchEventImpl@59 (line 728)
                      ;   {runtime_call C1 Runtime throw_null_pointer_exception_blob}
  0x000001efa4383754: 07e8 065b 

  0x000001efa4383758: ; ImmutableOopMap {r8=Oop rdx=Oop [168]=Oop }
                      ;*invokevirtual dispatchEvent {reexecute=0 rethrow=0 return_oop=0}
                      ; - java.awt.EventQueue::dispatchEventImpl@63 (line 728)
                      ;   {internal_word}
  0x000001efa4383758: 4607 49ba | bd2f 38a4 | ef01 0000 | 4d89 97e0 

  0x000001efa4383768: ;   {runtime_call SafepointBlob}
  0x000001efa4383768: 0400 00e9 | f0d7 3907 | 4c89 0424 

  0x000001efa4383774: ;   {runtime_call C1 Runtime throw_class_cast_exception_blob}
  0x000001efa4383774: e8e7 8946 

  0x000001efa4383778: ; ImmutableOopMap {}
                      ;*checkcast {reexecute=0 rethrow=0 return_oop=0}
                      ; - java.awt.EventQueue::dispatchEventImpl@18 (line 723)
                      ;   {runtime_call C1 Runtime throw_null_pointer_exception_blob}
  0x000001efa4383778: 07e8 e25a 

  0x000001efa438377c: ; ImmutableOopMap {rdx=Oop }
                      ;*invokeinterface dispatch {reexecute=0 rethrow=0 return_oop=0}
                      ; - java.awt.EventQueue::dispatchEventImpl@21 (line 723)
                      ;   {internal_word}
  0x000001efa438377c: 4607 49ba | a431 38a4 | ef01 0000 | 4d89 97e0 

  0x000001efa438378c: ;   {runtime_call SafepointBlob}
  0x000001efa438378c: 0400 00e9 | ccd7 3907 

  0x000001efa4383794: ;   {metadata(nullptr)}
  0x000001efa4383794: 48ba 0000 | 0000 0000 | 0000 b800 

  0x000001efa43837a0: ;   {runtime_call C1 Runtime load_klass_patching_blob}
  0x000001efa43837a0: 0f05 0ae8 

  0x000001efa43837a4: ; ImmutableOopMap {[168]=Oop }
                      ;*new {reexecute=1 rethrow=0 return_oop=0}
                      ; - (reexecute) java.lang.invoke.MethodHandles::lookup@8 (line 127)
                      ; - sun.awt.AWTAccessor::ensureClassInitialized@0 (line 1464)
                      ; - sun.awt.AWTAccessor::getInputEventAccessor@10 (line 963)
                      ; - java.awt.AWTEvent::dispatched@7 (line 571)
                      ; - java.awt.EventQueue::dispatchEventImpl@45 (line 726)
  0x000001efa43837a4: b8b8 4607 | e903 faff 

  0x000001efa43837ac: ;   {runtime_call C1 Runtime throw_null_pointer_exception_blob}
  0x000001efa43837ac: ffe8 ae5a 

  0x000001efa43837b0: ; ImmutableOopMap {[168]=Oop }
                      ;*new {reexecute=0 rethrow=0 return_oop=0}
                      ; - java.lang.invoke.MethodHandles::lookup@8 (line 127)
                      ; - sun.awt.AWTAccessor::ensureClassInitialized@0 (line 1464)
                      ; - sun.awt.AWTAccessor::getInputEventAccessor@10 (line 963)
                      ; - java.awt.AWTEvent::dispatched@7 (line 571)
                      ; - java.awt.EventQueue::dispatchEventImpl@45 (line 726)
  0x000001efa43837b0: 4607 488b 

  0x000001efa43837b4: ;   {runtime_call C1 Runtime fast_new_instance_init_check_blob}
  0x000001efa43837b4: d2e8 a666 

  0x000001efa43837b8: ; ImmutableOopMap {[168]=Oop }
                      ;*new {reexecute=0 rethrow=0 return_oop=0}
                      ; - java.lang.invoke.MethodHandles::lookup@8 (line 127)
                      ; - sun.awt.AWTAccessor::ensureClassInitialized@0 (line 1464)
                      ; - sun.awt.AWTAccessor::getInputEventAccessor@10 (line 963)
                      ; - java.awt.AWTEvent::dispatched@7 (line 571)
                      ; - java.awt.EventQueue::dispatchEventImpl@45 (line 726)
  0x000001efa43837b8: 4607 e952 | faff ff4c 

  0x000001efa43837c0: ;   {runtime_call C1 Runtime throw_class_cast_exception_blob}
  0x000001efa43837c0: 8904 24e8 

  0x000001efa43837c4: ; ImmutableOopMap {rsi=Oop }
                      ;*checkcast {reexecute=0 rethrow=0 return_oop=0}
                      ; - java.awt.AWTEvent::dispatched@11 (line 571)
                      ; - java.awt.EventQueue::dispatchEventImpl@45 (line 726)
  0x000001efa43837c4: 9889 4607 

  0x000001efa43837c8: ;   {runtime_call C1 Runtime throw_incompatible_class_change_error_blob}
  0x000001efa43837c8: e893 8c46 

  0x000001efa43837cc: ; ImmutableOopMap {rsi=Oop rdi=Oop }
                      ;*invokeinterface setCanAccessSystemClipboard {reexecute=0 rethrow=0 return_oop=0}
                      ; - java.awt.AWTEvent::dispatched@15 (line 572)
                      ; - java.awt.EventQueue::dispatchEventImpl@45 (line 726)
                      ;   {runtime_call C1 Runtime throw_null_pointer_exception_blob}
  0x000001efa43837cc: 07e8 8e5a 

  0x000001efa43837d0: ; ImmutableOopMap {rsi=Oop rdi=Oop }
                      ;*invokeinterface setCanAccessSystemClipboard {reexecute=0 rethrow=0 return_oop=0}
                      ; - java.awt.AWTEvent::dispatched@15 (line 572)
                      ; - java.awt.EventQueue::dispatchEventImpl@45 (line 726)
                      ;   {metadata({method} {0x000001efbc1322c0} 'setCanAccessSystemClipboard' '(Ljava/awt/event/InputEvent;Z)V' in 'java/awt/event/InputEvent$1')}
  0x000001efa43837d0: 4607 49ba | b822 13bc | ef01 0000 | 4c89 5424 | 0848 c704 | 24ff ffff 

  0x000001efa43837e8: ;   {runtime_call C1 Runtime counter_overflow_blob}
  0x000001efa43837e8: ffe8 f2c8 

  0x000001efa43837ec: ; ImmutableOopMap {rdi=Oop }
                      ;*synchronization entry
                      ; - java.awt.event.InputEvent$1::setCanAccessSystemClipboard@-1 (line 338)
                      ; - java.awt.AWTEvent::dispatched@15 (line 572)
                      ; - java.awt.EventQueue::dispatchEventImpl@45 (line 726)
  0x000001efa43837ec: 4607 e9e2 

  0x000001efa43837f0: ;   {runtime_call C1 Runtime throw_null_pointer_exception_blob}
  0x000001efa43837f0: fbff ffe8 

  0x000001efa43837f4: ; ImmutableOopMap {}
                      ;*putfield canAccessSystemClipboard {reexecute=1 rethrow=0 return_oop=0}
                      ; - (reexecute) java.awt.event.InputEvent$1::setCanAccessSystemClipboard@2 (line 338)
                      ; - java.awt.AWTEvent::dispatched@15 (line 572)
                      ; - java.awt.EventQueue::dispatchEventImpl@45 (line 726)
  0x000001efa43837f4: 685a 4607 

  0x000001efa43837f8: ;   {internal_word}
  0x000001efa43837f8: 49ba f133 | 38a4 ef01 | 0000 4d89 | 97e0 0400 

  0x000001efa4383808: ;   {runtime_call SafepointBlob}
  0x000001efa4383808: 00e9 52d7 | 3907 498b | 8788 0500 | 0049 c787 | 8805 0000 | 0000 0000 | 49c7 8790 | 0500 0000 
  0x000001efa4383828: 0000 0048 | 81c4 d000 

  0x000001efa4383830: ;   {runtime_call C1 Runtime unwind_exception_blob}
  0x000001efa4383830: 0000 5de9 | 284b 4607 
[Stub Code]
  0x000001efa4383838: ;   {other}
  0x000001efa4383838: 0f1f 4400 

  0x000001efa438383c: ;   {static_stub}
  0x000001efa438383c: 0048 bb00 | 0000 0000 

  0x000001efa4383844: ;   {runtime_call nmethod}
  0x000001efa4383844: 0000 00e9 | fbff ffff 

  0x000001efa438384c: ;   {static_stub}
  0x000001efa438384c: 9048 bb00 | 0000 0000 

  0x000001efa4383854: ;   {runtime_call nmethod}
  0x000001efa4383854: 0000 00e9 | fbff ffff 

  0x000001efa438385c: ;   {static_stub}
  0x000001efa438385c: 9048 bb00 | 0000 0000 

  0x000001efa4383864: ;   {runtime_call nmethod}
  0x000001efa4383864: 0000 00e9 | fbff ffff 

  0x000001efa438386c: ;   {static_stub}
  0x000001efa438386c: 9048 bb00 | 0000 0000 

  0x000001efa4383874: ;   {runtime_call nmethod}
  0x000001efa4383874: 0000 00e9 | fbff ffff 

  0x000001efa438387c: ;   {static_stub}
  0x000001efa438387c: 9048 bb00 | 0000 0000 

  0x000001efa4383884: ;   {runtime_call nmethod}
  0x000001efa4383884: 0000 00e9 | fbff ffff 

  0x000001efa438388c: ;   {static_stub}
  0x000001efa438388c: 9048 bb00 | 0000 0000 

  0x000001efa4383894: ;   {runtime_call nmethod}
  0x000001efa4383894: 0000 00e9 | fbff ffff 

  0x000001efa438389c: ;   {static_stub}
  0x000001efa438389c: 9048 bb00 | 0000 0000 

  0x000001efa43838a4: ;   {runtime_call nmethod}
  0x000001efa43838a4: 0000 00e9 | fbff ffff 

  0x000001efa43838ac: ;   {static_stub}
  0x000001efa43838ac: 9048 bb00 | 0000 0000 

  0x000001efa43838b4: ;   {runtime_call nmethod}
  0x000001efa43838b4: 0000 00e9 | fbff ffff 

  0x000001efa43838bc: ;   {static_stub}
  0x000001efa43838bc: 9048 bb00 | 0000 0000 

  0x000001efa43838c4: ;   {runtime_call nmethod}
  0x000001efa43838c4: 0000 00e9 | fbff ffff 

  0x000001efa43838cc: ;   {static_stub}
  0x000001efa43838cc: 48bb 0000 | 0000 0000 

  0x000001efa43838d4: ;   {runtime_call nmethod}
  0x000001efa43838d4: 0000 e9fb 

  0x000001efa43838d8: ;   {static_stub}
  0x000001efa43838d8: ffff ff48 | bb00 0000 | 0000 0000 

  0x000001efa43838e4: ;   {runtime_call nmethod}
  0x000001efa43838e4: 00e9 fbff 

  0x000001efa43838e8: ;   {static_stub}
  0x000001efa43838e8: ffff 48bb | 0000 0000 | 0000 0000 

  0x000001efa43838f4: ;   {runtime_call nmethod}
  0x000001efa43838f4: e9fb ffff 

  0x000001efa43838f8: ;   {static_stub}
  0x000001efa43838f8: ff48 bb00 | 0000 0000 

  0x000001efa4383900: ;   {runtime_call nmethod}
  0x000001efa4383900: 0000 00e9 | fbff ffff 

  0x000001efa4383908: ;   {static_stub}
  0x000001efa4383908: 48bb 0000 | 0000 0000 

  0x000001efa4383910: ;   {runtime_call nmethod}
  0x000001efa4383910: 0000 e9fb 

  0x000001efa4383914: ;   {runtime_call C1 Runtime handle_exception_from_callee_blob}
  0x000001efa4383914: ffff ffe8 | 447e 4607 

  0x000001efa438391c: ;   {external_word}
  0x000001efa438391c: 48b9 6808 | 5a8f fd7f | 0000 4883 

  0x000001efa4383928: ;   {runtime_call}
  0x000001efa4383928: e4f0 48b8 | 0091 1d8f | fd7f 0000 

  0x000001efa4383934: ;   {section_word}
  0x000001efa4383934: ffd0 f449 | ba37 3938 | a4ef 0100 

  0x000001efa4383940: ;   {runtime_call DeoptimizationBlob}
  0x000001efa4383940: 0041 52e9 | 18d9 3907 
[/MachCode]


---------------  P R O C E S S  ---------------

Threads class SMR info:
_java_thread_list=0x000001efc36e4ef0, length=17, elements={
0x000001efbb1a6690, 0x000001efbb1a70f0, 0x000001efbb1a8570, 0x000001efbb1a99d0,
0x000001efbb1ac2d0, 0x000001efbb1afba0, 0x000001efbb1aea30, 0x000001efbb1af240,
0x000001efbb2d9e30, 0x000001efbb33f760, 0x000001efbb8b3ab0, 0x000001efbb43c6f0,
0x000001efbbbb44f0, 0x000001efbbbd9e30, 0x000001ef9959faf0, 0x000001efbbe74190,
0x000001efc24ce3c0
}

Java Threads: ( => current thread )
  0x000001efbb1a6690 JavaThread "Reference Handler"          daemon [_thread_blocked, id=12028, stack(0x000000e68a300000,0x000000e68a400000) (1024K)]
  0x000001efbb1a70f0 JavaThread "Finalizer"                  daemon [_thread_blocked, id=8220, stack(0x000000e68a400000,0x000000e68a500000) (1024K)]
  0x000001efbb1a8570 JavaThread "Signal Dispatcher"          daemon [_thread_blocked, id=23916, stack(0x000000e68a500000,0x000000e68a600000) (1024K)]
  0x000001efbb1a99d0 JavaThread "Attach Listener"            daemon [_thread_blocked, id=21004, stack(0x000000e68a600000,0x000000e68a700000) (1024K)]
  0x000001efbb1ac2d0 JavaThread "Service Thread"             daemon [_thread_blocked, id=13224, stack(0x000000e68a700000,0x000000e68a800000) (1024K)]
  0x000001efbb1afba0 JavaThread "Monitor Deflation Thread"   daemon [_thread_blocked, id=22096, stack(0x000000e68a800000,0x000000e68a900000) (1024K)]
  0x000001efbb1aea30 JavaThread "C2 CompilerThread0"         daemon [_thread_blocked, id=16668, stack(0x000000e68a900000,0x000000e68aa00000) (1024K)]
  0x000001efbb1af240 JavaThread "C1 CompilerThread0"         daemon [_thread_blocked, id=4536, stack(0x000000e68aa00000,0x000000e68ab00000) (1024K)]
  0x000001efbb2d9e30 JavaThread "Common-Cleaner"             daemon [_thread_blocked, id=13656, stack(0x000000e68ab00000,0x000000e68ac00000) (1024K)]
  0x000001efbb33f760 JavaThread "Notification Thread"        daemon [_thread_blocked, id=9092, stack(0x000000e68ac00000,0x000000e68ad00000) (1024K)]
  0x000001efbb8b3ab0 JavaThread "Java2D Disposer"            daemon [_thread_blocked, id=23540, stack(0x000000e68ad00000,0x000000e68ae00000) (1024K)]
  0x000001efbb43c6f0 JavaThread "AWT-Shutdown"                      [_thread_blocked, id=12272, stack(0x000000e68ae00000,0x000000e68af00000) (1024K)]
  0x000001efbbbb44f0 JavaThread "AWT-Windows"                daemon [_thread_in_native, id=22584, stack(0x000000e68af00000,0x000000e68b000000) (1024K)]
=>0x000001efbbbd9e30 JavaThread "AWT-EventQueue-0"                  [_thread_in_native, id=21732, stack(0x000000e68b000000,0x000000e68b100000) (1024K)]
  0x000001ef9959faf0 JavaThread "DestroyJavaVM"                     [_thread_blocked, id=16040, stack(0x000000e689b00000,0x000000e689c00000) (1024K)]
  0x000001efbbe74190 JavaThread "TimerQueue"                 daemon [_thread_blocked, id=10572, stack(0x000000e68b400000,0x000000e68b500000) (1024K)]
  0x000001efc24ce3c0 JavaThread "PostgreSQL-JDBC-Cleaner"    daemon [_thread_blocked, id=21328, stack(0x000000e68b800000,0x000000e68b900000) (1024K)]
Total: 17

Other Threads:
  0x000001efbb05e940 VMThread "VM Thread"                           [id=2756, stack(0x000000e68a200000,0x000000e68a300000) (1024K)]
  0x000001efbb185900 WatcherThread "VM Periodic Task Thread"        [id=24684, stack(0x000000e68a100000,0x000000e68a200000) (1024K)]
  0x000001ef9b9718a0 WorkerThread "GC Thread#0"                     [id=10844, stack(0x000000e689c00000,0x000000e689d00000) (1024K)]
  0x000001ef9b98a210 ConcurrentGCThread "G1 Main Marker"            [id=22944, stack(0x000000e689d00000,0x000000e689e00000) (1024K)]
  0x000001ef9b98b130 WorkerThread "G1 Conc#0"                       [id=4144, stack(0x000000e689e00000,0x000000e689f00000) (1024K)]
  0x000001efbb04d470 ConcurrentGCThread "G1 Refine#0"               [id=22404, stack(0x000000e689f00000,0x000000e68a000000) (1024K)]
  0x000001efbb053ba0 ConcurrentGCThread "G1 Service"                [id=8860, stack(0x000000e68a000000,0x000000e68a100000) (1024K)]
Total: 7

Threads with active compile tasks:
Total: 0

VM state: not at safepoint (normal execution)

VM Mutex/Monitor currently owned by a thread: None

Heap address: 0x0000000704e00000, size: 4018 MB, Compressed Oops mode: Zero based, Oop shift amount: 3

CDS archive(s) mapped at: [0x0000000038000000-0x0000000038dd0000-0x0000000038dd0000), size 14483456, SharedBaseAddress: 0x0000000038000000, ArchiveRelocationMode: 1.
Compressed class space mapped at: 0x0000000039000000-0x0000000079000000, reserved size: 1073741824
UseCompressedClassPointers 1, UseCompactObjectHeaders 0
Narrow klass pointer bits 32, Max shift 3
Narrow klass base: 0x0000000038000000, Narrow klass shift: 0
Encoding Range: [0x0000000038000000 - 0x0000000138000000), (4294967296 bytes)
Klass Range:    [0x0000000038010000 - 0x0000000079000000), (1090453504 bytes)
Klass ID Range:  [65536 - 1090519033) (1090453497)
Protection zone: [0x0000000038000000 - 0x0000000038010000), (65536 bytes)

GC Precious Log:
 CardTable entry size: 512
 Card Set container configuration: InlinePtr #cards 4 size 8 Array Of Cards #cards 16 size 48 Howl #buckets 8 coarsen threshold 3686 Howl Bitmap #cards 512 size 80 coarsen threshold 460 Card regions per heap region 1 cards per card region 4096
 CPUs: 12 total, 12 available
 Memory: 16068M
 Large Page Support: Disabled
 NUMA Support: Disabled
 Compressed Oops: Enabled (Zero based)
 Heap Region Size: 2M
 Heap Min Capacity: 8M
 Heap Initial Capacity: 252M
 Heap Max Capacity: 4018M
 Pre-touch: Disabled
 Parallel Workers: 10
 Concurrent Workers: 3
 Concurrent Refinement Workers: 10
 Periodic GC: Disabled

Heap:
 garbage-first heap   total reserved 4114432K, committed 260096K, used 44181K [0x0000000704e00000, 0x0000000800000000)
  region size 2048K, 21 young (43008K), 0 survivors (0K)

Heap Regions: E=young(eden), S=young(survivor), O=old, HS=humongous(starts), HC=humongous(continues), CS=collection set, F=free, TAMS=top-at-mark-start, PB=parsable bottom
|   0|0x0000000704e00000, 0x0000000705000000, 0x0000000705000000|100%|HS|  |TAMS 0x0000000704e00000| PB 0x0000000704e00000| Complete |  0
|   1|0x0000000705000000, 0x0000000705000000, 0x0000000705200000|  0%| F|  |TAMS 0x0000000705000000| PB 0x0000000705000000| Untracked |  0
|   2|0x0000000705200000, 0x0000000705200000, 0x0000000705400000|  0%| F|  |TAMS 0x0000000705200000| PB 0x0000000705200000| Untracked |  0
|   3|0x0000000705400000, 0x0000000705400000, 0x0000000705600000|  0%| F|  |TAMS 0x0000000705400000| PB 0x0000000705400000| Untracked |  0
|   4|0x0000000705600000, 0x0000000705600000, 0x0000000705800000|  0%| F|  |TAMS 0x0000000705600000| PB 0x0000000705600000| Untracked |  0
|   5|0x0000000705800000, 0x0000000705800000, 0x0000000705a00000|  0%| F|  |TAMS 0x0000000705800000| PB 0x0000000705800000| Untracked |  0
|   6|0x0000000705a00000, 0x0000000705a00000, 0x0000000705c00000|  0%| F|  |TAMS 0x0000000705a00000| PB 0x0000000705a00000| Untracked |  0
|   7|0x0000000705c00000, 0x0000000705c00000, 0x0000000705e00000|  0%| F|  |TAMS 0x0000000705c00000| PB 0x0000000705c00000| Untracked |  0
|   8|0x0000000705e00000, 0x0000000705e00000, 0x0000000706000000|  0%| F|  |TAMS 0x0000000705e00000| PB 0x0000000705e00000| Untracked |  0
|   9|0x0000000706000000, 0x0000000706000000, 0x0000000706200000|  0%| F|  |TAMS 0x0000000706000000| PB 0x0000000706000000| Untracked |  0
|  10|0x0000000706200000, 0x0000000706200000, 0x0000000706400000|  0%| F|  |TAMS 0x0000000706200000| PB 0x0000000706200000| Untracked |  0
|  11|0x0000000706400000, 0x0000000706400000, 0x0000000706600000|  0%| F|  |TAMS 0x0000000706400000| PB 0x0000000706400000| Untracked |  0
|  12|0x0000000706600000, 0x0000000706600000, 0x0000000706800000|  0%| F|  |TAMS 0x0000000706600000| PB 0x0000000706600000| Untracked |  0
|  13|0x0000000706800000, 0x0000000706800000, 0x0000000706a00000|  0%| F|  |TAMS 0x0000000706800000| PB 0x0000000706800000| Untracked |  0
|  14|0x0000000706a00000, 0x0000000706a00000, 0x0000000706c00000|  0%| F|  |TAMS 0x0000000706a00000| PB 0x0000000706a00000| Untracked |  0
|  15|0x0000000706c00000, 0x0000000706c00000, 0x0000000706e00000|  0%| F|  |TAMS 0x0000000706c00000| PB 0x0000000706c00000| Untracked |  0
|  16|0x0000000706e00000, 0x0000000706e00000, 0x0000000707000000|  0%| F|  |TAMS 0x0000000706e00000| PB 0x0000000706e00000| Untracked |  0
|  17|0x0000000707000000, 0x0000000707000000, 0x0000000707200000|  0%| F|  |TAMS 0x0000000707000000| PB 0x0000000707000000| Untracked |  0
|  18|0x0000000707200000, 0x0000000707200000, 0x0000000707400000|  0%| F|  |TAMS 0x0000000707200000| PB 0x0000000707200000| Untracked |  0
|  19|0x0000000707400000, 0x0000000707400000, 0x0000000707600000|  0%| F|  |TAMS 0x0000000707400000| PB 0x0000000707400000| Untracked |  0
|  20|0x0000000707600000, 0x0000000707600000, 0x0000000707800000|  0%| F|  |TAMS 0x0000000707600000| PB 0x0000000707600000| Untracked |  0
|  21|0x0000000707800000, 0x0000000707800000, 0x0000000707a00000|  0%| F|  |TAMS 0x0000000707800000| PB 0x0000000707800000| Untracked |  0
|  22|0x0000000707a00000, 0x0000000707a00000, 0x0000000707c00000|  0%| F|  |TAMS 0x0000000707a00000| PB 0x0000000707a00000| Untracked |  0
|  23|0x0000000707c00000, 0x0000000707c00000, 0x0000000707e00000|  0%| F|  |TAMS 0x0000000707c00000| PB 0x0000000707c00000| Untracked |  0
|  24|0x0000000707e00000, 0x0000000707e00000, 0x0000000708000000|  0%| F|  |TAMS 0x0000000707e00000| PB 0x0000000707e00000| Untracked |  0
|  25|0x0000000708000000, 0x0000000708000000, 0x0000000708200000|  0%| F|  |TAMS 0x0000000708000000| PB 0x0000000708000000| Untracked |  0
|  26|0x0000000708200000, 0x0000000708200000, 0x0000000708400000|  0%| F|  |TAMS 0x0000000708200000| PB 0x0000000708200000| Untracked |  0
|  27|0x0000000708400000, 0x0000000708400000, 0x0000000708600000|  0%| F|  |TAMS 0x0000000708400000| PB 0x0000000708400000| Untracked |  0
|  28|0x0000000708600000, 0x0000000708600000, 0x0000000708800000|  0%| F|  |TAMS 0x0000000708600000| PB 0x0000000708600000| Untracked |  0
|  29|0x0000000708800000, 0x0000000708800000, 0x0000000708a00000|  0%| F|  |TAMS 0x0000000708800000| PB 0x0000000708800000| Untracked |  0
|  30|0x0000000708a00000, 0x0000000708a00000, 0x0000000708c00000|  0%| F|  |TAMS 0x0000000708a00000| PB 0x0000000708a00000| Untracked |  0
|  31|0x0000000708c00000, 0x0000000708c00000, 0x0000000708e00000|  0%| F|  |TAMS 0x0000000708c00000| PB 0x0000000708c00000| Untracked |  0
|  32|0x0000000708e00000, 0x0000000708e00000, 0x0000000709000000|  0%| F|  |TAMS 0x0000000708e00000| PB 0x0000000708e00000| Untracked |  0
|  33|0x0000000709000000, 0x0000000709000000, 0x0000000709200000|  0%| F|  |TAMS 0x0000000709000000| PB 0x0000000709000000| Untracked |  0
|  34|0x0000000709200000, 0x0000000709200000, 0x0000000709400000|  0%| F|  |TAMS 0x0000000709200000| PB 0x0000000709200000| Untracked |  0
|  35|0x0000000709400000, 0x0000000709400000, 0x0000000709600000|  0%| F|  |TAMS 0x0000000709400000| PB 0x0000000709400000| Untracked |  0
|  36|0x0000000709600000, 0x0000000709600000, 0x0000000709800000|  0%| F|  |TAMS 0x0000000709600000| PB 0x0000000709600000| Untracked |  0
|  37|0x0000000709800000, 0x0000000709800000, 0x0000000709a00000|  0%| F|  |TAMS 0x0000000709800000| PB 0x0000000709800000| Untracked |  0
|  38|0x0000000709a00000, 0x0000000709a00000, 0x0000000709c00000|  0%| F|  |TAMS 0x0000000709a00000| PB 0x0000000709a00000| Untracked |  0
|  39|0x0000000709c00000, 0x0000000709c00000, 0x0000000709e00000|  0%| F|  |TAMS 0x0000000709c00000| PB 0x0000000709c00000| Untracked |  0
|  40|0x0000000709e00000, 0x0000000709e00000, 0x000000070a000000|  0%| F|  |TAMS 0x0000000709e00000| PB 0x0000000709e00000| Untracked |  0
|  41|0x000000070a000000, 0x000000070a000000, 0x000000070a200000|  0%| F|  |TAMS 0x000000070a000000| PB 0x000000070a000000| Untracked |  0
|  42|0x000000070a200000, 0x000000070a200000, 0x000000070a400000|  0%| F|  |TAMS 0x000000070a200000| PB 0x000000070a200000| Untracked |  0
|  43|0x000000070a400000, 0x000000070a400000, 0x000000070a600000|  0%| F|  |TAMS 0x000000070a400000| PB 0x000000070a400000| Untracked |  0
|  44|0x000000070a600000, 0x000000070a600000, 0x000000070a800000|  0%| F|  |TAMS 0x000000070a600000| PB 0x000000070a600000| Untracked |  0
|  45|0x000000070a800000, 0x000000070a800000, 0x000000070aa00000|  0%| F|  |TAMS 0x000000070a800000| PB 0x000000070a800000| Untracked |  0
|  46|0x000000070aa00000, 0x000000070aa00000, 0x000000070ac00000|  0%| F|  |TAMS 0x000000070aa00000| PB 0x000000070aa00000| Untracked |  0
|  47|0x000000070ac00000, 0x000000070ac00000, 0x000000070ae00000|  0%| F|  |TAMS 0x000000070ac00000| PB 0x000000070ac00000| Untracked |  0
|  48|0x000000070ae00000, 0x000000070ae00000, 0x000000070b000000|  0%| F|  |TAMS 0x000000070ae00000| PB 0x000000070ae00000| Untracked |  0
|  49|0x000000070b000000, 0x000000070b000000, 0x000000070b200000|  0%| F|  |TAMS 0x000000070b000000| PB 0x000000070b000000| Untracked |  0
|  50|0x000000070b200000, 0x000000070b200000, 0x000000070b400000|  0%| F|  |TAMS 0x000000070b200000| PB 0x000000070b200000| Untracked |  0
|  51|0x000000070b400000, 0x000000070b400000, 0x000000070b600000|  0%| F|  |TAMS 0x000000070b400000| PB 0x000000070b400000| Untracked |  0
|  52|0x000000070b600000, 0x000000070b600000, 0x000000070b800000|  0%| F|  |TAMS 0x000000070b600000| PB 0x000000070b600000| Untracked |  0
|  53|0x000000070b800000, 0x000000070b800000, 0x000000070ba00000|  0%| F|  |TAMS 0x000000070b800000| PB 0x000000070b800000| Untracked |  0
|  54|0x000000070ba00000, 0x000000070ba00000, 0x000000070bc00000|  0%| F|  |TAMS 0x000000070ba00000| PB 0x000000070ba00000| Untracked |  0
|  55|0x000000070bc00000, 0x000000070bc00000, 0x000000070be00000|  0%| F|  |TAMS 0x000000070bc00000| PB 0x000000070bc00000| Untracked |  0
|  56|0x000000070be00000, 0x000000070be00000, 0x000000070c000000|  0%| F|  |TAMS 0x000000070be00000| PB 0x000000070be00000| Untracked |  0
|  57|0x000000070c000000, 0x000000070c000000, 0x000000070c200000|  0%| F|  |TAMS 0x000000070c000000| PB 0x000000070c000000| Untracked |  0
|  58|0x000000070c200000, 0x000000070c200000, 0x000000070c400000|  0%| F|  |TAMS 0x000000070c200000| PB 0x000000070c200000| Untracked |  0
|  59|0x000000070c400000, 0x000000070c400000, 0x000000070c600000|  0%| F|  |TAMS 0x000000070c400000| PB 0x000000070c400000| Untracked |  0
|  60|0x000000070c600000, 0x000000070c600000, 0x000000070c800000|  0%| F|  |TAMS 0x000000070c600000| PB 0x000000070c600000| Untracked |  0
|  61|0x000000070c800000, 0x000000070c800000, 0x000000070ca00000|  0%| F|  |TAMS 0x000000070c800000| PB 0x000000070c800000| Untracked |  0
|  62|0x000000070ca00000, 0x000000070ca00000, 0x000000070cc00000|  0%| F|  |TAMS 0x000000070ca00000| PB 0x000000070ca00000| Untracked |  0
|  63|0x000000070cc00000, 0x000000070cc00000, 0x000000070ce00000|  0%| F|  |TAMS 0x000000070cc00000| PB 0x000000070cc00000| Untracked |  0
|  64|0x000000070ce00000, 0x000000070ce00000, 0x000000070d000000|  0%| F|  |TAMS 0x000000070ce00000| PB 0x000000070ce00000| Untracked |  0
|  65|0x000000070d000000, 0x000000070d000000, 0x000000070d200000|  0%| F|  |TAMS 0x000000070d000000| PB 0x000000070d000000| Untracked |  0
|  66|0x000000070d200000, 0x000000070d200000, 0x000000070d400000|  0%| F|  |TAMS 0x000000070d200000| PB 0x000000070d200000| Untracked |  0
|  67|0x000000070d400000, 0x000000070d400000, 0x000000070d600000|  0%| F|  |TAMS 0x000000070d400000| PB 0x000000070d400000| Untracked |  0
|  68|0x000000070d600000, 0x000000070d600000, 0x000000070d800000|  0%| F|  |TAMS 0x000000070d600000| PB 0x000000070d600000| Untracked |  0
|  69|0x000000070d800000, 0x000000070d800000, 0x000000070da00000|  0%| F|  |TAMS 0x000000070d800000| PB 0x000000070d800000| Untracked |  0
|  70|0x000000070da00000, 0x000000070da00000, 0x000000070dc00000|  0%| F|  |TAMS 0x000000070da00000| PB 0x000000070da00000| Untracked |  0
|  71|0x000000070dc00000, 0x000000070dc00000, 0x000000070de00000|  0%| F|  |TAMS 0x000000070dc00000| PB 0x000000070dc00000| Untracked |  0
|  72|0x000000070de00000, 0x000000070de00000, 0x000000070e000000|  0%| F|  |TAMS 0x000000070de00000| PB 0x000000070de00000| Untracked |  0
|  73|0x000000070e000000, 0x000000070e000000, 0x000000070e200000|  0%| F|  |TAMS 0x000000070e000000| PB 0x000000070e000000| Untracked |  0
|  74|0x000000070e200000, 0x000000070e200000, 0x000000070e400000|  0%| F|  |TAMS 0x000000070e200000| PB 0x000000070e200000| Untracked |  0
|  75|0x000000070e400000, 0x000000070e400000, 0x000000070e600000|  0%| F|  |TAMS 0x000000070e400000| PB 0x000000070e400000| Untracked |  0
|  76|0x000000070e600000, 0x000000070e600000, 0x000000070e800000|  0%| F|  |TAMS 0x000000070e600000| PB 0x000000070e600000| Untracked |  0
|  77|0x000000070e800000, 0x000000070e800000, 0x000000070ea00000|  0%| F|  |TAMS 0x000000070e800000| PB 0x000000070e800000| Untracked |  0
|  78|0x000000070ea00000, 0x000000070ea00000, 0x000000070ec00000|  0%| F|  |TAMS 0x000000070ea00000| PB 0x000000070ea00000| Untracked |  0
|  79|0x000000070ec00000, 0x000000070ec00000, 0x000000070ee00000|  0%| F|  |TAMS 0x000000070ec00000| PB 0x000000070ec00000| Untracked |  0
|  80|0x000000070ee00000, 0x000000070ee00000, 0x000000070f000000|  0%| F|  |TAMS 0x000000070ee00000| PB 0x000000070ee00000| Untracked |  0
|  81|0x000000070f000000, 0x000000070f000000, 0x000000070f200000|  0%| F|  |TAMS 0x000000070f000000| PB 0x000000070f000000| Untracked |  0
|  82|0x000000070f200000, 0x000000070f200000, 0x000000070f400000|  0%| F|  |TAMS 0x000000070f200000| PB 0x000000070f200000| Untracked |  0
|  83|0x000000070f400000, 0x000000070f400000, 0x000000070f600000|  0%| F|  |TAMS 0x000000070f400000| PB 0x000000070f400000| Untracked |  0
|  84|0x000000070f600000, 0x000000070f600000, 0x000000070f800000|  0%| F|  |TAMS 0x000000070f600000| PB 0x000000070f600000| Untracked |  0
|  85|0x000000070f800000, 0x000000070f800000, 0x000000070fa00000|  0%| F|  |TAMS 0x000000070f800000| PB 0x000000070f800000| Untracked |  0
|  86|0x000000070fa00000, 0x000000070fa00000, 0x000000070fc00000|  0%| F|  |TAMS 0x000000070fa00000| PB 0x000000070fa00000| Untracked |  0
|  87|0x000000070fc00000, 0x000000070fc00000, 0x000000070fe00000|  0%| F|  |TAMS 0x000000070fc00000| PB 0x000000070fc00000| Untracked |  0
|  88|0x000000070fe00000, 0x000000070fe00000, 0x0000000710000000|  0%| F|  |TAMS 0x000000070fe00000| PB 0x000000070fe00000| Untracked |  0
|  89|0x0000000710000000, 0x0000000710000000, 0x0000000710200000|  0%| F|  |TAMS 0x0000000710000000| PB 0x0000000710000000| Untracked |  0
|  90|0x0000000710200000, 0x0000000710200000, 0x0000000710400000|  0%| F|  |TAMS 0x0000000710200000| PB 0x0000000710200000| Untracked |  0
|  91|0x0000000710400000, 0x0000000710400000, 0x0000000710600000|  0%| F|  |TAMS 0x0000000710400000| PB 0x0000000710400000| Untracked |  0
|  92|0x0000000710600000, 0x0000000710600000, 0x0000000710800000|  0%| F|  |TAMS 0x0000000710600000| PB 0x0000000710600000| Untracked |  0
|  93|0x0000000710800000, 0x0000000710800000, 0x0000000710a00000|  0%| F|  |TAMS 0x0000000710800000| PB 0x0000000710800000| Untracked |  0
|  94|0x0000000710a00000, 0x0000000710a00000, 0x0000000710c00000|  0%| F|  |TAMS 0x0000000710a00000| PB 0x0000000710a00000| Untracked |  0
|  95|0x0000000710c00000, 0x0000000710c00000, 0x0000000710e00000|  0%| F|  |TAMS 0x0000000710c00000| PB 0x0000000710c00000| Untracked |  0
|  96|0x0000000710e00000, 0x0000000710e00000, 0x0000000711000000|  0%| F|  |TAMS 0x0000000710e00000| PB 0x0000000710e00000| Untracked |  0
|  97|0x0000000711000000, 0x0000000711000000, 0x0000000711200000|  0%| F|  |TAMS 0x0000000711000000| PB 0x0000000711000000| Untracked |  0
|  98|0x0000000711200000, 0x0000000711200000, 0x0000000711400000|  0%| F|  |TAMS 0x0000000711200000| PB 0x0000000711200000| Untracked |  0
|  99|0x0000000711400000, 0x0000000711400000, 0x0000000711600000|  0%| F|  |TAMS 0x0000000711400000| PB 0x0000000711400000| Untracked |  0
| 100|0x0000000711600000, 0x0000000711600000, 0x0000000711800000|  0%| F|  |TAMS 0x0000000711600000| PB 0x0000000711600000| Untracked |  0
| 101|0x0000000711800000, 0x0000000711800000, 0x0000000711a00000|  0%| F|  |TAMS 0x0000000711800000| PB 0x0000000711800000| Untracked |  0
| 102|0x0000000711a00000, 0x0000000711a00000, 0x0000000711c00000|  0%| F|  |TAMS 0x0000000711a00000| PB 0x0000000711a00000| Untracked |  0
| 103|0x0000000711c00000, 0x0000000711c00000, 0x0000000711e00000|  0%| F|  |TAMS 0x0000000711c00000| PB 0x0000000711c00000| Untracked |  0
| 104|0x0000000711e00000, 0x0000000711e00000, 0x0000000712000000|  0%| F|  |TAMS 0x0000000711e00000| PB 0x0000000711e00000| Untracked |  0
| 105|0x0000000712000000, 0x00000007120fa378, 0x0000000712200000| 48%| E|  |TAMS 0x0000000712000000| PB 0x0000000712000000| Complete |  0
| 106|0x0000000712200000, 0x0000000712400000, 0x0000000712400000|100%| E|CS|TAMS 0x0000000712200000| PB 0x0000000712200000| Complete |  0
| 107|0x0000000712400000, 0x0000000712600000, 0x0000000712600000|100%| E|CS|TAMS 0x0000000712400000| PB 0x0000000712400000| Complete |  0
| 108|0x0000000712600000, 0x0000000712800000, 0x0000000712800000|100%| E|CS|TAMS 0x0000000712600000| PB 0x0000000712600000| Complete |  0
| 109|0x0000000712800000, 0x0000000712a00000, 0x0000000712a00000|100%| E|CS|TAMS 0x0000000712800000| PB 0x0000000712800000| Complete |  0
| 110|0x0000000712a00000, 0x0000000712c00000, 0x0000000712c00000|100%| E|CS|TAMS 0x0000000712a00000| PB 0x0000000712a00000| Complete |  0
| 111|0x0000000712c00000, 0x0000000712e00000, 0x0000000712e00000|100%| E|CS|TAMS 0x0000000712c00000| PB 0x0000000712c00000| Complete |  0
| 112|0x0000000712e00000, 0x0000000713000000, 0x0000000713000000|100%| E|CS|TAMS 0x0000000712e00000| PB 0x0000000712e00000| Complete |  0
| 113|0x0000000713000000, 0x0000000713200000, 0x0000000713200000|100%| E|CS|TAMS 0x0000000713000000| PB 0x0000000713000000| Complete |  0
| 114|0x0000000713200000, 0x0000000713400000, 0x0000000713400000|100%| E|CS|TAMS 0x0000000713200000| PB 0x0000000713200000| Complete |  0
| 115|0x0000000713400000, 0x0000000713600000, 0x0000000713600000|100%| E|CS|TAMS 0x0000000713400000| PB 0x0000000713400000| Complete |  0
| 116|0x0000000713600000, 0x0000000713800000, 0x0000000713800000|100%| E|CS|TAMS 0x0000000713600000| PB 0x0000000713600000| Complete |  0
| 117|0x0000000713800000, 0x0000000713a00000, 0x0000000713a00000|100%| E|CS|TAMS 0x0000000713800000| PB 0x0000000713800000| Complete |  0
| 118|0x0000000713a00000, 0x0000000713c00000, 0x0000000713c00000|100%| E|CS|TAMS 0x0000000713a00000| PB 0x0000000713a00000| Complete |  0
| 119|0x0000000713c00000, 0x0000000713e00000, 0x0000000713e00000|100%| E|CS|TAMS 0x0000000713c00000| PB 0x0000000713c00000| Complete |  0
| 120|0x0000000713e00000, 0x0000000714000000, 0x0000000714000000|100%| E|CS|TAMS 0x0000000713e00000| PB 0x0000000713e00000| Complete |  0
| 121|0x0000000714000000, 0x0000000714200000, 0x0000000714200000|100%| E|CS|TAMS 0x0000000714000000| PB 0x0000000714000000| Complete |  0
| 122|0x0000000714200000, 0x0000000714400000, 0x0000000714400000|100%| E|CS|TAMS 0x0000000714200000| PB 0x0000000714200000| Complete |  0
| 123|0x0000000714400000, 0x0000000714600000, 0x0000000714600000|100%| E|CS|TAMS 0x0000000714400000| PB 0x0000000714400000| Complete |  0
| 124|0x0000000714600000, 0x0000000714800000, 0x0000000714800000|100%| E|CS|TAMS 0x0000000714600000| PB 0x0000000714600000| Complete |  0
| 125|0x0000000714800000, 0x0000000714a00000, 0x0000000714a00000|100%| E|CS|TAMS 0x0000000714800000| PB 0x0000000714800000| Complete |  0
|2008|0x00000007ffe00000, 0x00000007fff257b8, 0x0000000800000000| 57%| O|  |TAMS 0x00000007ffe00000| PB 0x00000007ffe00000| Untracked |  0

Card table byte_map: [0x000001efb3ed0000,0x000001efb46b0000] _byte_map_base: 0x000001efb06a9000

Marking Bits: (CMBitMap*) 0x000001ef9b972030
 Bits: [0x000001efb46b0000, 0x000001efb8578000)

Polling page: 0x000001ef99960000

Metaspace:
Metaspace        used 16015K, committed 16256K, reserved 1114112K
 class space     used 1803K, committed 1920K, reserved 1048576K

Usage:
  Non-class:     13.88 MB used.
      Class:      1.76 MB used.
       Both:     15.64 MB used.

Virtual space:
  Non-class space:       64.00 MB reserved,      14.00 MB ( 22%) committed,  1 nodes.
      Class space:        1.00 GB reserved,       1.88 MB ( <1%) committed,  1 nodes.
             Both:        1.06 GB reserved,      15.88 MB (  1%) committed. 

Chunk freelists:
   Non-Class:  1.91 MB
       Class:  14.10 MB
        Both:  16.01 MB

MaxMetaspaceSize: unlimited
CompressedClassSpaceSize: 1.00 GB
Initial GC threshold: 21.00 MB
Current GC threshold: 21.00 MB
CDS: on
 - commit_granule_bytes: 65536.
 - commit_granule_words: 8192.
 - virtual_space_node_default_size: 8388608.
 - enlarge_chunks_in_place: 1.
UseCompressedClassPointers 1, UseCompactObjectHeaders 0
Narrow klass pointer bits 32, Max shift 3
Narrow klass base: 0x0000000038000000, Narrow klass shift: 0
Encoding Range: [0x0000000038000000 - 0x0000000138000000), (4294967296 bytes)
Klass Range:    [0x0000000038010000 - 0x0000000079000000), (1090453504 bytes)
Klass ID Range:  [65536 - 1090519033) (1090453497)
Protection zone: [0x0000000038000000 - 0x0000000038010000), (65536 bytes)


Internal statistics:

num_allocs_failed_limit: 0.
num_arena_births: 130.
num_arena_deaths: 0.
num_vsnodes_births: 2.
num_vsnodes_deaths: 0.
num_space_committed: 254.
num_space_uncommitted: 0.
num_chunks_returned_to_freelist: 0.
num_chunks_taken_from_freelist: 283.
num_chunk_merges: 0.
num_chunk_splits: 158.
num_chunks_enlarged: 92.
num_inconsistent_stats: 0.

CodeHeap 'non-profiled nmethods': size=120064Kb used=974Kb max_used=974Kb free=119090Kb
 bounds [0x000001efabc60000, 0x000001efabed0000, 0x000001efb31a0000]
CodeHeap 'profiled nmethods': size=120000Kb used=3772Kb max_used=3772Kb free=116227Kb
 bounds [0x000001efa41a0000, 0x000001efa4550000, 0x000001efab6d0000]
CodeHeap 'non-nmethods': size=5696Kb used=1614Kb max_used=1687Kb free=4081Kb
 bounds [0x000001efab6d0000, 0x000001efab940000, 0x000001efabc60000]
CodeCache: size=245760Kb, used=6360Kb, max_used=6433Kb, free=239398Kb
 total_blobs=3341, nmethods=2595, adapters=649, full_count=0
Compilation: enabled, stopped_count=0, restarted_count=0

Compilation events (20 events):
Event: 36.863 Thread 0x000001efbb1af240 2585       3       javax.swing.plaf.nimbus.SynthPainterImpl::paintBackground (68 bytes)
Event: 36.864 Thread 0x000001efbb1af240 nmethod 2585 0x000001efa454b908 code [0x000001efa454ba00, 0x000001efa454c1a0]
Event: 36.864 Thread 0x000001efbb1af240 2587       3       javax.swing.JComponent::paintBorder (28 bytes)
Event: 36.864 Thread 0x000001efbb1af240 nmethod 2587 0x000001efa454c208 code [0x000001efa454c300, 0x000001efa454c790]
Event: 37.075 Thread 0x000001efbb1aea30 2588       4       javax.swing.JComponent::getY (5 bytes)
Event: 37.076 Thread 0x000001efbb1aea30 nmethod 2588 0x000001efabd52f08 code [0x000001efabd53000, 0x000001efabd53078]
Event: 37.082 Thread 0x000001efbb1af240 2589       3       java.awt.MultipleGradientPaintContext::calculateSingleArrayGradient (262 bytes)
Event: 37.082 Thread 0x000001efbb1aea30 2590       4       java.awt.geom.Path2D$Iterator::next (35 bytes)
Event: 37.083 Thread 0x000001efbb1af240 nmethod 2589 0x000001efa454c808 code [0x000001efa454c920, 0x000001efa454d540]
Event: 37.083 Thread 0x000001efbb1af240 2591       3       sun.java2d.pipe.Region::getIntersection (21 bytes)
Event: 37.084 Thread 0x000001efbb1af240 nmethod 2591 0x000001efa454d588 code [0x000001efa454d680, 0x000001efa454d858]
Event: 37.084 Thread 0x000001efbb1aea30 nmethod 2590 0x000001efabd53208 code [0x000001efabd53300, 0x000001efabd53420]
Event: 37.146 Thread 0x000001efbb1af240 2592       3       javax.swing.text.FieldView::modelToView (12 bytes)
Event: 37.147 Thread 0x000001efbb1af240 nmethod 2592 0x000001efa454d888 code [0x000001efa454d980, 0x000001efa454db38]
Event: 37.147 Thread 0x000001efbb1af240 2593       3       javax.swing.text.PlainView::modelToView (211 bytes)
Event: 37.147 Thread 0x000001efbb1af240 nmethod 2593 0x000001efa454db88 code [0x000001efa454dca0, 0x000001efa454efe0]
Event: 37.147 Thread 0x000001efbb1af240 2594       3       javax.swing.text.Utilities::getTabbedTextWidth (12 bytes)
Event: 37.147 Thread 0x000001efbb1af240 nmethod 2594 0x000001efa454f008 code [0x000001efa454f100, 0x000001efa454f240]
Event: 37.147 Thread 0x000001efbb1af240 2595       1       javax.swing.text.JTextComponent::getSelectedTextColor (5 bytes)
Event: 37.148 Thread 0x000001efbb1af240 nmethod 2595 0x000001efabd53508 code [0x000001efabd53600, 0x000001efabd536d0]

GC Heap Usage History (0 events):
No events

Metaspace Usage History (0 events):
No events

Dll operation events (11 events):
Event: 0.007 Loaded shared library C:\Program Files\Java\jdk-25.0.2\bin\java.dll
Event: 0.050 Loaded shared library C:\Program Files\Java\jdk-25.0.2\bin\net.dll
Event: 0.052 Loaded shared library C:\Program Files\Java\jdk-25.0.2\bin\nio.dll
Event: 0.067 Loaded shared library C:\Program Files\Java\jdk-25.0.2\bin\zip.dll
Event: 0.076 Loaded shared library C:\Program Files\Java\jdk-25.0.2\bin\jimage.dll
Event: 0.082 Loaded shared library C:\Program Files\Java\jdk-25.0.2\bin\awt.dll
Event: 0.170 Loaded shared library C:\Program Files\Java\jdk-25.0.2\bin\freetype.dll
Event: 0.171 Loaded shared library C:\Program Files\Java\jdk-25.0.2\bin\fontmanager.dll
Event: 15.600 Loaded shared library C:\Program Files\Java\jdk-25.0.2\bin\extnet.dll
Event: 15.607 Loaded shared library C:\Program Files\Java\jdk-25.0.2\bin\management.dll
Event: 15.608 Loaded shared library C:\Program Files\Java\jdk-25.0.2\bin\management_ext.dll

Deoptimization events (20 events):
Event: 16.021 Thread 0x000001efbbbd9e30 Uncommon trap: trap_request=0xffffff54 fr.pc=0x000001efabd15fe4 relative=0x0000000000000064
Event: 16.021 Thread 0x000001efbbbd9e30 Uncommon trap: reason=speculate_null_check action=make_not_entrant pc=0x000001efabd15fe4 method=jdk.internal.misc.Unsafe.putIntUnaligned(Ljava/lang/Object;JIZ)V @ 10 c2
Event: 16.021 Thread 0x000001efbbbd9e30 DEOPT PACKING pc=0x000001efabd15fe4 sp=0x000000e68b0fd400
Event: 16.021 Thread 0x000001efbbbd9e30 DEOPT UNPACKING pc=0x000001efab7f1682 sp=0x000000e68b0fd380 mode 2
Event: 16.021 Thread 0x000001efbbbd9e30 Uncommon trap: trap_request=0xffffff54 fr.pc=0x000001efabd0b764 relative=0x0000000000000064
Event: 16.021 Thread 0x000001efbbbd9e30 Uncommon trap: reason=speculate_null_check action=make_not_entrant pc=0x000001efabd0b764 method=jdk.internal.misc.Unsafe.getIntUnaligned(Ljava/lang/Object;JZ)I @ 5 c2
Event: 16.021 Thread 0x000001efbbbd9e30 DEOPT PACKING pc=0x000001efabd0b764 sp=0x000000e68b0fd5b0
Event: 16.021 Thread 0x000001efbbbd9e30 DEOPT UNPACKING pc=0x000001efab7f1682 sp=0x000000e68b0fd530 mode 2
Event: 20.051 Thread 0x000001efbbbd9e30 DEOPT PACKING pc=0x000001efa44d0ed8 sp=0x000000e68b0fd910
Event: 20.051 Thread 0x000001efbbbd9e30 DEOPT UNPACKING pc=0x000001efab721702 sp=0x000000e68b0fcd60 mode 0
Event: 20.086 Thread 0x000001efbbbd9e30 DEOPT PACKING pc=0x000001efa44d0ed8 sp=0x000000e68b0fd910
Event: 20.086 Thread 0x000001efbbbd9e30 DEOPT UNPACKING pc=0x000001efab721702 sp=0x000000e68b0fcd60 mode 0
Event: 20.166 Thread 0x000001efbbbd9e30 DEOPT PACKING pc=0x000001efa44d0ed8 sp=0x000000e68b0fd910
Event: 20.166 Thread 0x000001efbbbd9e30 DEOPT UNPACKING pc=0x000001efab721702 sp=0x000000e68b0fcd60 mode 0
Event: 20.172 Thread 0x000001efbbbd9e30 DEOPT PACKING pc=0x000001efa44d0ed8 sp=0x000000e68b0fd910
Event: 20.172 Thread 0x000001efbbbd9e30 DEOPT UNPACKING pc=0x000001efab721702 sp=0x000000e68b0fcd60 mode 0
Event: 29.577 Thread 0x000001efbbbd9e30 DEOPT PACKING pc=0x000001efa44d3bb1 sp=0x000000e68b0fda10
Event: 29.577 Thread 0x000001efbbbd9e30 DEOPT UNPACKING pc=0x000001efab721702 sp=0x000000e68b0fce10 mode 0
Event: 29.910 Thread 0x000001efbbbd9e30 DEOPT PACKING pc=0x000001efa43bc685 sp=0x000000e68b0fd890
Event: 29.910 Thread 0x000001efbbbd9e30 DEOPT UNPACKING pc=0x000001efab721702 sp=0x000000e68b0fcd00 mode 0

Classes loaded (20 events):
Event: 15.904 Loading class java/util/TimerTask
Event: 15.904 Loading class java/util/TimerTask done
Event: 15.907 Loading class java/util/concurrent/atomic/AtomicIntegerFieldUpdater
Event: 15.907 Loading class java/util/concurrent/atomic/AtomicIntegerFieldUpdater done
Event: 15.907 Loading class java/util/concurrent/atomic/AtomicIntegerFieldUpdater$AtomicIntegerFieldUpdaterImpl
Event: 15.907 Loading class java/util/concurrent/atomic/AtomicIntegerFieldUpdater$AtomicIntegerFieldUpdaterImpl done
Event: 16.007 Loading class java/lang/invoke/DirectMethodHandle$Special
Event: 16.007 Loading class java/lang/invoke/DirectMethodHandle$Special done
Event: 16.012 Loading class java/net/UnknownHostException
Event: 16.012 Loading class java/net/UnknownHostException done
Event: 16.012 Loading class java/io/CharArrayReader
Event: 16.012 Loading class java/io/CharArrayReader done
Event: 32.943 Loading class javax/swing/text/DefaultHighlighter$LayeredHighlightInfo
Event: 32.943 Loading class javax/swing/text/DefaultHighlighter$HighlightInfo
Event: 32.943 Loading class javax/swing/text/DefaultHighlighter$HighlightInfo done
Event: 32.943 Loading class javax/swing/text/DefaultHighlighter$LayeredHighlightInfo done
Event: 36.312 Loading class javax/swing/text/GapContent$RemoveUndo
Event: 36.312 Loading class javax/swing/text/GapContent$RemoveUndo done
Event: 36.312 Loading class javax/swing/text/GapContent$UndoPosRef
Event: 36.312 Loading class javax/swing/text/GapContent$UndoPosRef done

Classes unloaded (0 events):
No events

Classes redefined (0 events):
No events

Internal exceptions (20 events):
Event: 0.527 Thread 0x000001efbbbd9e30 Exception <a 'java/lang/NoSuchMethodError'{0x0000000713c69a70}: 'java.lang.Object java.lang.invoke.DirectMethodHandle$Holder.invokeStatic(java.lang.Object, java.lang.Object, java.lang.Object, java.lang.Object, long)'> (0x0000000713c69a70) 
thrown [s\open\src\hotspot\share\interpreter\linkResolver.cpp, line 804]
Event: 0.528 Thread 0x000001efbbbd9e30 Exception <a 'java/lang/NoSuchMethodError'{0x0000000713c8c080}: 'float java.lang.invoke.DelegatingMethodHandle$Holder.reinvoke_L(java.lang.Object, java.lang.Object, java.lang.Object, long)'> (0x0000000713c8c080) 
thrown [s\open\src\hotspot\share\interpreter\linkResolver.cpp, line 804]
Event: 14.315 Thread 0x000001efbbbd9e30 Implicit null exception at 0x000001efabccd491 to 0x000001efabccd9c0
Event: 14.315 Thread 0x000001efbbbd9e30 Implicit null exception at 0x000001efabccca87 to 0x000001efabccd0fb
Event: 14.315 Thread 0x000001efbbbd9e30 Implicit null exception at 0x000001efabccd491 to 0x000001efabccd9c0
Event: 14.315 Thread 0x000001efbbbd9e30 Implicit null exception at 0x000001efabccca87 to 0x000001efabccd0fb
Event: 14.315 Thread 0x000001efbbbd9e30 Implicit null exception at 0x000001efabccd491 to 0x000001efabccd9c0
Event: 15.573 Thread 0x000001efbbbd9e30 Exception <a 'java/lang/NoSuchMethodError'{0x0000000713399758}: 'java.lang.Object java.lang.invoke.DirectMethodHandle$Holder.invokeVirtual(java.lang.Object, java.lang.Object, java.lang.Object, java.lang.Object)'> (0x0000000713399758) 
thrown [s\open\src\hotspot\share\interpreter\linkResolver.cpp, line 804]
Event: 15.575 Thread 0x000001efbbbd9e30 Exception <a 'java/lang/NoSuchMethodError'{0x00000007133b0a38}: 'void java.lang.invoke.DirectMethodHandle$Holder.invokeStatic(java.lang.Object, java.lang.Object, java.lang.Object, java.lang.Object)'> (0x00000007133b0a38) 
thrown [s\open\src\hotspot\share\interpreter\linkResolver.cpp, line 804]
Event: 15.601 Thread 0x000001efbbbd9e30 Exception <a 'java/lang/NoSuchMethodError'{0x000000071306a230}: 'void java.lang.invoke.DirectMethodHandle$Holder.invokeStatic(java.lang.Object, java.lang.Object)'> (0x000000071306a230) 
thrown [s\open\src\hotspot\share\interpreter\linkResolver.cpp, line 804]
Event: 15.772 Thread 0x000001efbbbd9e30 Exception <a 'java/lang/NoSuchMethodError'{0x0000000712e15358}: 'java.lang.Object java.lang.invoke.DirectMethodHandle$Holder.invokeStaticInit(java.lang.Object, int, int, int, int)'> (0x0000000712e15358) 
thrown [s\open\src\hotspot\share\interpreter\linkResolver.cpp, line 804]
Event: 15.791 Thread 0x000001efbbbd9e30 Exception <a 'java/lang/NoSuchMethodError'{0x0000000712e92b30}: 'java.lang.Object java.lang.invoke.DirectMethodHandle$Holder.invokeStaticInit(java.lang.Object, java.lang.Object, int, int, int, int)'> (0x0000000712e92b30) 
thrown [s\open\src\hotspot\share\interpreter\linkResolver.cpp, line 804]
Event: 15.795 Thread 0x000001efbbbd9e30 Exception <a 'java/lang/NoSuchMethodError'{0x0000000712ead720}: 'int java.lang.invoke.DirectMethodHandle$Holder.invokeStaticInit(java.lang.Object, java.lang.Object)'> (0x0000000712ead720) 
thrown [s\open\src\hotspot\share\interpreter\linkResolver.cpp, line 804]
Event: 15.797 Thread 0x000001efbbbd9e30 Exception <a 'java/lang/NoSuchMethodError'{0x0000000712ee9b90}: 'java.lang.Object java.lang.invoke.DirectMethodHandle$Holder.invokeSpecialIFC(java.lang.Object, java.lang.Object, java.lang.Object, java.lang.Object)'> (0x0000000712ee9b90) 
thrown [s\open\src\hotspot\share\interpreter\linkResolver.cpp, line 804]
Event: 15.805 Thread 0x000001efbbbd9e30 Exception <a 'sun/nio/fs/WindowsException'{0x0000000712fa8238}> (0x0000000712fa8238) 
thrown [s\open\src\hotspot\share\prims\jni.cpp, line 516]
Event: 15.817 Thread 0x000001efbbbd9e30 Exception <a 'java/lang/NoSuchMethodError'{0x0000000712c668f8}: 'int java.lang.invoke.DirectMethodHandle$Holder.invokeInterface(java.lang.Object, java.lang.Object, int)'> (0x0000000712c668f8) 
thrown [s\open\src\hotspot\share\interpreter\linkResolver.cpp, line 804]
Event: 15.817 Thread 0x000001efbbbd9e30 Exception <a 'java/lang/IncompatibleClassChangeError'{0x0000000712c6e888}: Found class java.lang.Object, but interface was expected> (0x0000000712c6e888) 
thrown [s\open\src\hotspot\share\interpreter\linkResolver.cpp, line 871]
Event: 15.843 Thread 0x000001efbbbd9e30 Exception <a 'java/lang/NoSuchMethodError'{0x0000000712d213c8}: 'void java.lang.invoke.DirectMethodHandle$Holder.invokeStatic(java.lang.Object, java.lang.Object, java.lang.Object)'> (0x0000000712d213c8) 
thrown [s\open\src\hotspot\share\interpreter\linkResolver.cpp, line 804]
Event: 15.845 Thread 0x000001efbbbd9e30 Implicit null exception at 0x000001efabd162b0 to 0x000001efabd16b4c
Event: 15.896 Thread 0x000001efbbbd9e30 Exception <a 'java/lang/NoSuchMethodError'{0x0000000712b84a50}: 'java.lang.Object java.lang.invoke.DirectMethodHandle$Holder.invokeStaticInit(java.lang.Object, java.lang.Object, java.lang.Object)'> (0x0000000712b84a50) 
thrown [s\open\src\hotspot\share\interpreter\linkResolver.cpp, line 804]

VM Operations (20 events):
Event: 0.167 Executing non-safepoint VM operation: HandshakeAllThreads (Deoptimize)
Event: 0.167 Executing non-safepoint VM operation: HandshakeAllThreads (Deoptimize) done
Event: 0.403 Executing non-safepoint VM operation: HandshakeAllThreads (Deoptimize)
Event: 0.403 Executing non-safepoint VM operation: HandshakeAllThreads (Deoptimize) done
Event: 0.623 Executing non-safepoint VM operation: HandshakeAllThreads (Deoptimize)
Event: 0.623 Executing non-safepoint VM operation: HandshakeAllThreads (Deoptimize) done
Event: 0.661 Executing non-safepoint VM operation: HandshakeAllThreads (Deoptimize)
Event: 0.661 Executing non-safepoint VM operation: HandshakeAllThreads (Deoptimize) done
Event: 0.672 Executing non-safepoint VM operation: HandshakeAllThreads (Deoptimize)
Event: 0.672 Executing non-safepoint VM operation: HandshakeAllThreads (Deoptimize) done
Event: 15.591 Executing non-safepoint VM operation: HandshakeAllThreads (Deoptimize)
Event: 15.591 Executing non-safepoint VM operation: HandshakeAllThreads (Deoptimize) done
Event: 15.702 Executing non-safepoint VM operation: HandshakeAllThreads (Deoptimize)
Event: 15.702 Executing non-safepoint VM operation: HandshakeAllThreads (Deoptimize) done
Event: 15.806 Executing non-safepoint VM operation: HandshakeAllThreads (Deoptimize)
Event: 15.806 Executing non-safepoint VM operation: HandshakeAllThreads (Deoptimize) done
Event: 15.868 Executing non-safepoint VM operation: HandshakeAllThreads (Deoptimize)
Event: 15.868 Executing non-safepoint VM operation: HandshakeAllThreads (Deoptimize) done
Event: 15.868 Executing non-safepoint VM operation: HandshakeAllThreads (Deoptimize)
Event: 15.868 Executing non-safepoint VM operation: HandshakeAllThreads (Deoptimize) done

Memory protections (0 events):
No events

Nmethod flushes (0 events):
No events

Events (20 events):
Event: 0.027 Thread 0x000001ef9959faf0 Thread added: 0x000001efbb1a8570
Event: 0.027 Thread 0x000001ef9959faf0 Thread added: 0x000001efbb1a99d0
Event: 0.027 Thread 0x000001ef9959faf0 Thread added: 0x000001efbb1ac2d0
Event: 0.028 Thread 0x000001ef9959faf0 Thread added: 0x000001efbb1afba0
Event: 0.028 Thread 0x000001ef9959faf0 Thread added: 0x000001efbb1aea30
Event: 0.028 Thread 0x000001ef9959faf0 Thread added: 0x000001efbb1af240
Event: 0.049 Thread 0x000001ef9959faf0 Thread added: 0x000001efbb2d9e30
Event: 0.061 Thread 0x000001ef9959faf0 Thread added: 0x000001efbb33f760
Event: 0.112 Thread 0x000001ef9959faf0 Thread added: 0x000001efbb8b3ab0
Event: 0.112 Thread 0x000001ef9959faf0 Thread added: 0x000001efbb43c6f0
Event: 0.112 Thread 0x000001ef9959faf0 Thread added: 0x000001efbbbb44f0
Event: 0.247 Thread 0x000001ef9959faf0 Thread added: 0x000001efbbbd9e30
Event: 0.247 Thread 0x000001ef9959faf0 Thread exited: 0x000001ef9959faf0
Event: 0.247 Thread 0x000001ef9959faf0 Thread added: 0x000001ef9959faf0
Event: 0.688 Thread 0x000001efbbbd9e30 Thread added: 0x000001efbbe74190
Event: 15.830 Thread 0x000001efbb1aea30 Thread added: 0x000001efbbab1b80
Event: 15.835 Thread 0x000001efbb1af240 Thread added: 0x000001efbbaafb40
Event: 15.898 Thread 0x000001efbbbd9e30 Thread added: 0x000001efc24ce3c0
Event: 19.708 Thread 0x000001efbbaafb40 Thread exited: 0x000001efbbaafb40
Event: 19.718 Thread 0x000001efbbab1b80 Thread exited: 0x000001efbbab1b80


Dynamic libraries:
0x00007ff680ec0000 - 0x00007ff680ed0000 	C:\Program Files\Java\jdk-25.0.2\bin\java.exe
0x00007ffe35080000 - 0x00007ffe352e7000 	C:\WINDOWS\SYSTEM32\ntdll.dll
0x00007ffe34770000 - 0x00007ffe34839000 	C:\WINDOWS\System32\KERNEL32.DLL
0x00007ffe31b50000 - 0x00007ffe31f44000 	C:\WINDOWS\System32\KERNELBASE.dll
0x00007ffe32a20000 - 0x00007ffe32b6b000 	C:\WINDOWS\System32\ucrtbase.dll
0x00007ffe23d00000 - 0x00007ffe23d17000 	C:\Program Files\Java\jdk-25.0.2\bin\jli.dll
0x00007ffe25d90000 - 0x00007ffe25dae000 	C:\Program Files\Java\jdk-25.0.2\bin\VCRUNTIME140.dll
0x00007ffe33020000 - 0x00007ffe331e5000 	C:\WINDOWS\System32\USER32.dll
0x00007ffe327c0000 - 0x00007ffe327e7000 	C:\WINDOWS\System32\win32u.dll
0x00007ffe34d60000 - 0x00007ffe34d8b000 	C:\WINDOWS\System32\GDI32.dll
0x00007ffe21250000 - 0x00007ffe214e3000 	C:\WINDOWS\WinSxS\amd64_microsoft.windows.common-controls_6595b64144ccf1df_6.0.26100.8115_none_3e075c82e3354f9c\COMCTL32.dll
0x00007ffe32b70000 - 0x00007ffe32c9b000 	C:\WINDOWS\System32\gdi32full.dll
0x00007ffe34410000 - 0x00007ffe344b9000 	C:\WINDOWS\System32\msvcrt.dll
0x00007ffe327f0000 - 0x00007ffe32893000 	C:\WINDOWS\System32\msvcp_win.dll
0x00007ffe33c30000 - 0x00007ffe33c62000 	C:\WINDOWS\System32\IMM32.DLL
0x00007ffe25e50000 - 0x00007ffe25e5c000 	C:\Program Files\Java\jdk-25.0.2\bin\vcruntime140_1.dll
0x00007ffe23620000 - 0x00007ffe236ad000 	C:\Program Files\Java\jdk-25.0.2\bin\msvcp140.dll
0x00007ffd8eaf0000 - 0x00007ffd8f94f000 	C:\Program Files\Java\jdk-25.0.2\bin\server\jvm.dll
0x00007ffe34ef0000 - 0x00007ffe34fa6000 	C:\WINDOWS\System32\ADVAPI32.dll
0x00007ffe32f70000 - 0x00007ffe33017000 	C:\WINDOWS\System32\sechost.dll
0x00007ffe34650000 - 0x00007ffe34768000 	C:\WINDOWS\System32\RPCRT4.dll
0x00007ffe344c0000 - 0x00007ffe34540000 	C:\WINDOWS\System32\WS2_32.dll
0x00007ffe250b0000 - 0x00007ffe250bb000 	C:\WINDOWS\SYSTEM32\VERSION.dll
0x00007ffe317d0000 - 0x00007ffe3182e000 	C:\WINDOWS\SYSTEM32\POWRPROF.dll
0x00007ffe2e9f0000 - 0x00007ffe2ea26000 	C:\WINDOWS\SYSTEM32\WINMM.dll
0x00007ffe317b0000 - 0x00007ffe317c4000 	C:\WINDOWS\SYSTEM32\UMPDC.dll
0x00007ffe306e0000 - 0x00007ffe306fb000 	C:\WINDOWS\SYSTEM32\kernel.appcore.dll
0x00007ffe23d30000 - 0x00007ffe23d3a000 	C:\Program Files\Java\jdk-25.0.2\bin\jimage.dll
0x00007ffe2f940000 - 0x00007ffe2fb82000 	C:\WINDOWS\SYSTEM32\DBGHELP.DLL
0x00007ffe34950000 - 0x00007ffe34cd2000 	C:\WINDOWS\System32\combase.dll
0x00007ffe33240000 - 0x00007ffe33318000 	C:\WINDOWS\System32\OLEAUT32.dll
0x00007ffe1a4b0000 - 0x00007ffe1a4eb000 	C:\WINDOWS\SYSTEM32\dbgcore.DLL
0x00007ffe31950000 - 0x00007ffe319f5000 	C:\WINDOWS\System32\bcryptPrimitives.dll
0x00007ffe23d40000 - 0x00007ffe23d5f000 	C:\Program Files\Java\jdk-25.0.2\bin\java.dll
0x00007ffe33a90000 - 0x00007ffe33c27000 	C:\WINDOWS\System32\ole32.dll
0x00007ffe33320000 - 0x00007ffe33a87000 	C:\WINDOWS\System32\SHELL32.dll
0x00007ffe32ca0000 - 0x00007ffe32e0a000 	C:\WINDOWS\System32\wintypes.dll
0x00007ffe31f50000 - 0x00007ffe327b8000 	C:\WINDOWS\System32\windows.storage.dll
0x00007ffe34840000 - 0x00007ffe34938000 	C:\WINDOWS\System32\SHCORE.dll
0x00007ffe34550000 - 0x00007ffe345b6000 	C:\WINDOWS\System32\shlwapi.dll
0x00007ffe31870000 - 0x00007ffe31899000 	C:\WINDOWS\SYSTEM32\profapi.dll
0x00007ffe23cc0000 - 0x00007ffe23cd2000 	C:\Program Files\Java\jdk-25.0.2\bin\net.dll
0x00007ffe30c50000 - 0x00007ffe30cbc000 	C:\WINDOWS\system32\mswsock.dll
0x00007ffe23ca0000 - 0x00007ffe23cb6000 	C:\Program Files\Java\jdk-25.0.2\bin\nio.dll
0x00007ffe23ce0000 - 0x00007ffe23cf7000 	C:\Program Files\Java\jdk-25.0.2\bin\zip.dll
0x00007ffe236b0000 - 0x00007ffe23834000 	C:\Program Files\Java\jdk-25.0.2\bin\awt.dll
0x00007ffe2e700000 - 0x00007ffe2e79f000 	C:\WINDOWS\SYSTEM32\apphelp.dll
0x00007ffe2eec0000 - 0x00007ffe2ef69000 	C:\WINDOWS\system32\uxtheme.dll
0x00007ffe32e10000 - 0x00007ffe32f6c000 	C:\WINDOWS\System32\MSCTF.dll
0x00007ffe2f160000 - 0x00007ffe2f18f000 	C:\WINDOWS\system32\DWMAPI.DLL
0x00007ffe23590000 - 0x00007ffe23617000 	C:\Program Files\Java\jdk-25.0.2\bin\freetype.dll
0x00007ffe234a0000 - 0x00007ffe2358e000 	C:\Program Files\Java\jdk-25.0.2\bin\fontmanager.dll
0x00007ffdba6c0000 - 0x00007ffdba7cf000 	C:\WINDOWS\system32\opengl32.dll
0x00007ffe27130000 - 0x00007ffe2715d000 	C:\WINDOWS\SYSTEM32\GLU32.dll
0x00007ffe2f1b0000 - 0x00007ffe2f1f3000 	C:\WINDOWS\SYSTEM32\dxcore.dll
0x00007ffe34d90000 - 0x00007ffe34e3e000 	C:\WINDOWS\System32\clbcatq.dll
0x00007ffe2c8a0000 - 0x00007ffe2cace000 	C:\WINDOWS\SYSTEM32\WindowsCodecs.dll
0x00007ffdecca0000 - 0x00007ffdeccfa000 	C:\WINDOWS\system32\dataexchange.dll
0x00007ffe266f0000 - 0x00007ffe2693d000 	C:\WINDOWS\system32\twinapi.appcore.dll
0x00007ffe0af20000 - 0x00007ffe0b068000 	C:\WINDOWS\SYSTEM32\textinputframework.dll
0x00007ffe2e130000 - 0x00007ffe2e257000 	C:\WINDOWS\SYSTEM32\CoreMessaging.dll
0x00007ffe28f00000 - 0x00007ffe291e2000 	C:\WINDOWS\SYSTEM32\CoreUIComponents.dll
0x00007ffe30f30000 - 0x00007ffe30f3c000 	C:\WINDOWS\SYSTEM32\CRYPTBASE.DLL
0x00007ffe30100000 - 0x00007ffe30232000 	C:\WINDOWS\SYSTEM32\DNSAPI.dll
0x00007ffe300c0000 - 0x00007ffe300f2000 	C:\WINDOWS\SYSTEM32\IPHLPAPI.DLL
0x00007ffe34ed0000 - 0x00007ffe34eda000 	C:\WINDOWS\System32\NSI.dll
0x00007ffe27600000 - 0x00007ffe2760b000 	C:\Windows\System32\rasadhlp.dll
0x00007ffe298d0000 - 0x00007ffe29956000 	C:\WINDOWS\System32\fwpuclnt.dll
0x00007ffe23ef0000 - 0x00007ffe23ef9000 	C:\Program Files\Java\jdk-25.0.2\bin\extnet.dll
0x00007ffe2c4d0000 - 0x00007ffe2c4da000 	C:\Program Files\Java\jdk-25.0.2\bin\management.dll
0x00007ffe2c4c0000 - 0x00007ffe2c4cc000 	C:\Program Files\Java\jdk-25.0.2\bin\management_ext.dll
0x00007ffe345c0000 - 0x00007ffe345c8000 	C:\WINDOWS\System32\PSAPI.DLL
0x00007ffe30f40000 - 0x00007ffe30f5b000 	C:\WINDOWS\SYSTEM32\CRYPTSP.dll
0x00007ffe30640000 - 0x00007ffe30679000 	C:\WINDOWS\system32\rsaenh.dll
0x00007ffe30d00000 - 0x00007ffe30d33000 	C:\WINDOWS\SYSTEM32\USERENV.dll
0x00007ffe31840000 - 0x00007ffe3186a000 	C:\WINDOWS\SYSTEM32\bcrypt.dll

JVMTI agents: none

dbghelp: loaded successfully - version: 4.0.5 - missing functions: none
symbol engine: initialized successfully - sym options: 0x614 - pdb path: .;C:\Program Files\Java\jdk-25.0.2\bin;C:\WINDOWS\SYSTEM32;C:\WINDOWS\WinSxS\amd64_microsoft.windows.common-controls_6595b64144ccf1df_6.0.26100.8115_none_3e075c82e3354f9c;C:\Program Files\Java\jdk-25.0.2\bin\server

VM Arguments:
jvm_args: -Dfile.encoding=UTF-8 --module-path=C:\Users\paova\Downloads\nuevoproyecto\nuevoproyecto\build\classes 
java_command: view.EmpleadoVista
java_class_path (initial): C:\Users\paova\Downloads\postgresql-42.7.4.jar;C:\Users\paova\Downloads\nuevoproyecto\nuevoproyecto\build\classes
Launcher Type: SUN_STANDARD

[Global flags]
     intx CICompilerCount                          = 4                                         {product} {ergonomic}
     uint ConcGCThreads                            = 3                                         {product} {ergonomic}
     uint G1ConcRefinementThreads                  = 10                                        {product} {ergonomic}
   size_t G1HeapRegionSize                         = 2097152                                   {product} {ergonomic}
   size_t InitialHeapSize                          = 264241152                                 {product} {ergonomic}
   size_t MarkStackSize                            = 4194304                                   {product} {ergonomic}
   size_t MarkStackSizeMax                         = 536870912                                 {product} {ergonomic}
   size_t MaxHeapSize                              = 4213178368                                {product} {ergonomic}
   size_t MaxNewSize                               = 2527068160                                {product} {ergonomic}
   size_t MinHeapDeltaBytes                        = 2097152                                   {product} {ergonomic}
   size_t MinHeapSize                              = 8388608                                   {product} {ergonomic}
    uintx NonNMethodCodeHeapSize                   = 5832704                                {pd product} {ergonomic}
    uintx NonProfiledCodeHeapSize                  = 122945536                              {pd product} {ergonomic}
    uintx ProfiledCodeHeapSize                     = 122880000                              {pd product} {ergonomic}
    uintx ReservedCodeCacheSize                    = 251658240                              {pd product} {ergonomic}
     bool SegmentedCodeCache                       = true                                      {product} {ergonomic}
   size_t SoftMaxHeapSize                          = 4213178368                             {manageable} {ergonomic}
     bool UseCompressedOops                        = true                           {product lp64_product} {ergonomic}
     bool UseG1GC                                  = true                                      {product} {ergonomic}
     bool UseLargePagesIndividualAllocation        = false                                  {pd product} {ergonomic}

Logging:
Log output configuration:
 #0: stdout all=warning uptime,level,tags foldmultilines=false
 #1: stderr all=off uptime,level,tags foldmultilines=false

Release file:
IMPLEMENTOR="Oracle Corporation" 
JAVA_RUNTIME_VERSION="25.0.2+10-LTS-69" 
JAVA_VERSION="25.0.2" 
JAVA_VERSION_DATE="2026-01-20" 
LIBC="default" 
MODULES="java.base java.compiler java.datatransfer java.xml java.prefs java.desktop java.instrument java.logging java.management java.security.sasl java.naming java.rmi java.management.rmi java.net.http java.scripting java.security.jgss java.transaction.xa java.sql java.sql.rowset java.xml.crypto java.se java.smartcardio jdk.accessibility jdk.internal.jvmstat jdk.attach jdk.charsets jdk.internal.opt jdk.zipfs jdk.compiler jdk.crypto.cryptoki jdk.crypto.ec jdk.crypto.mscapi jdk.dynalink jdk.internal.ed jdk.editpad jdk.internal.vm.ci jdk.graal.compiler jdk.graal.compiler.management jdk.hotspot.agent jdk.httpserver jdk.incubator.vector jdk.internal.le jdk.internal.md jdk.jartool jdk.javadoc jdk.jcmd jdk.management jdk.management.agent jdk.jconsole jdk.jdeps jdk.jdwp.agent jdk.jdi jdk.jfr jdk.jlink jdk.jpackage jdk.jshell jdk.jsobject jdk.jstatd jdk.localedata jdk.management.jfr jdk.naming.dns jdk.naming.rmi jdk.net jdk.nio.mapmode jdk.sctp jdk.security.auth jdk.security.jgss jdk.unsupported jdk.unsupported.desktop jdk.xml.dom" 
OS_ARCH="x86_64" 
OS_NAME="Windows" 
SOURCE=".:git:b75efb40c93a open:git:405a5699ebd0" 

Environment Variables:
PATH=C:\Program Files\Common Files\Oracle\Java\javapath;C:\WINDOWS\system32;C:\WINDOWS;C:\WINDOWS\System32\Wbem;C:\WINDOWS\System32\WindowsPowerShell\v1.0\;C:\WINDOWS\System32\OpenSSH\;C:\Program Files\dotnet\;C:\Program Files (x86)\Microsoft SQL Server\160\Tools\Binn\;C:\Program Files\Microsoft SQL Server\160\Tools\Binn\;C:\Program Files\Microsoft SQL Server\Client SDK\ODBC\170\Tools\Binn\;C:\Program Files\Microsoft SQL Server\160\DTS\Binn\;C:\Program Files (x86)\Microsoft SQL Server\160\DTS\Binn\;C:\Users\paova\AppData\Local\Programs\Python\Python313\Scripts\;C:\Users\paova\AppData\Local\Programs\Python\Python313\;C:\Users\paova\AppData\Local\Microsoft\WindowsApps;C:\Users\paova\AppData\Local\Programs\Microsoft VS Code\bin;
USERNAME=paova
OS=Windows_NT
PROCESSOR_IDENTIFIER=Intel64 Family 6 Model 154 Stepping 4, GenuineIntel
TMP=C:\Users\paova\AppData\Local\Temp
TEMP=C:\Users\paova\AppData\Local\Temp




Compilation memory statistics disabled.

Periodic native trim disabled

---------------  S Y S T E M  ---------------

OS:
 Windows 11 , 64 bit Build 26100 (10.0.26100.8246)
OS uptime: 0 days 4:35 hours
Hyper-V role detected

CPU: total 12 (initial active 12) (6 cores per cpu, 2 threads per core) family 6 model 154 stepping 4 microcode 0x43b, cx8, cmov, fxsr, ht, mmx, 3dnowpref, sse, sse2, sse3, ssse3, sse4.1, sse4.2, popcnt, lzcnt, tsc, tscinvbit, avx, avx2, aes, erms, clmul, bmi1, bmi2, adx, sha, fma, vzeroupper, clflush, clflushopt, clwb, hv, serialize, rdtscp, rdpid, fsrm, gfni, f16c, cet_ibt, cet_ss
Processor Information for processor 0
  Max Mhz: 1700, Current Mhz: 1700, Mhz Limit: 1700
Processor Information for processor 1
  Max Mhz: 1700, Current Mhz: 1700, Mhz Limit: 1700
Processor Information for processor 2
  Max Mhz: 1700, Current Mhz: 1700, Mhz Limit: 1700
Processor Information for processor 3
  Max Mhz: 1700, Current Mhz: 1700, Mhz Limit: 1700
Processor Information for processor 4
  Max Mhz: 1700, Current Mhz: 1700, Mhz Limit: 1700
Processor Information for processor 5
  Max Mhz: 1700, Current Mhz: 1700, Mhz Limit: 1700
Processor Information for processor 6
  Max Mhz: 1700, Current Mhz: 1700, Mhz Limit: 1700
Processor Information for processor 7
  Max Mhz: 1700, Current Mhz: 1700, Mhz Limit: 1700
Processor Information for processor 8
  Max Mhz: 1700, Current Mhz: 1700, Mhz Limit: 1700
Processor Information for processor 9
  Max Mhz: 1700, Current Mhz: 1700, Mhz Limit: 1700
Processor Information for processor 10
  Max Mhz: 1700, Current Mhz: 1558, Mhz Limit: 1700
Processor Information for processor 11
  Max Mhz: 1700, Current Mhz: 1700, Mhz Limit: 1700

Memory: 4k page, system-wide physical 16068M (4770M free)
TotalPageFile size 20036M (AvailPageFile size 6389M)
current process WorkingSet (physical memory assigned to process): 123M, peak: 148M
current process commit charge ("private bytes"): 374M, peak: 414M

vm_info: Java HotSpot(TM) 64-Bit Server VM (25.0.2+10-LTS-69) for windows-amd64 JRE (25.0.2+10-LTS-69), built on 2025-12-18T11:36:35Z with MS VC++ 17.13 (VS2022)

END.
